,FEEDBACK_VALUE,YOUTUBE_AUTO_MOS,QoE_itu
0,1,5,3.1194061387109726
1,3,5,4.282068592072347
2,2,5,4.278155793684161
3,3,5,4.278084573739539
4,2,5,4.275065615895868
5,5,5,4.2741480657088085
6,5,5,4.2741480657088085
7,4,5,4.279058303449454
8,4,5,4.278535789931921
9,1,5,4.278535789931921
10,1,5,4.278076363458266
11,5,5,4.274458797503552
12,5,5,4.27317097921769
13,4,5,4.279042384187892
14,5,5,4.198104018887746
15,5,5,4.278735626586477
16,5,5,4.127841476031726
17,5,5,4.278239121017292
18,5,5,4.280274110138359
19,5,5,4.27933652610363
20,5,5,4.279305640404777
21,5,5,4.277993951373852
22,5,5,4.272343733704591
23,5,5,4.278756779043863
24,5,5,4.277034537649812
25,5,5,4.278269107238782
26,5,5,4.278678096147992
27,5,5,4.278678096147992
28,5,5,4.27317097921769
29,3,3,2.3475708175301273
30,1,5,2.5545783907766086
31,3,5,2.374268884730717
32,2,5,2.7237084257937827
33,3,5,2.756754375121048
34,3,5,2.756754375121048
35,3,5,2.756754375121048
36,3,5,2.7252986557946173
37,2,5,2.7252986557946173
38,3,5,2.7252986557946173
39,2,5,2.7252986557946173
40,3,5,2.7252986557946173
41,4,5,2.697933270375875
42,2,3,2.0884468479025
43,4,3,2.65563665809027
44,3,3,2.65563665809027
45,3,3,2.65563665809027
46,5,3,2.65563665809027
47,4,3,2.65563665809027
48,5,3,2.65563665809027
49,5,3,2.65563665809027
50,4,3,2.559047160326816
51,3,3,2.559047160326816
52,4,3,2.559047160326816
53,5,5,3.49005465387711
54,5,5,3.49005465387711
55,2,1,1.6397889919581115
56,2,1,1.6397889919581115
57,2,1,1.6397889919581115
58,2,1,1.6397889919581115
59,1,1,1.6397889919581115
60,1,1,1.6397889919581115
61,2,1,1.6397889919581115
62,3,3,1.7424614565421133
63,4,3,1.7424614565421133
64,4,3,1.7424614565421133
65,4,3,1.7424614565421133
66,4,3,1.7424614565421133
67,4,3,1.7424614565421133
68,4,3,1.7424614565421133
69,4,3,1.7424614565421133
70,4,3,2.201341794185637
71,4,3,2.201341794185637
72,3,3,2.201341794185637
73,4,3,2.201341794185637
74,5,3,2.240405549661137
75,5,3,2.240405549661137
76,5,3,2.240405549661137
77,5,3,2.240405549661137
78,5,3,2.240405549661137
79,5,3,2.240405549661137
80,4,3,2.240405549661137
81,4,3,2.240405549661137
82,4,3,2.240405549661137
83,4,3,2.240405549661137
84,4,3,2.240405549661137
85,4,3,2.1071528779103046
86,4,3,2.1071528779103046
87,3,3,2.1071528779103046
88,3,3,2.1071528779103046
89,5,3,2.1071528779103046
90,5,3,2.1071528779103046
91,4,3,2.1071528779103046
92,5,3,2.1071528779103046
93,4,3,1.942579449432365
94,4,3,1.942579449432365
95,4,3,1.942579449432365
96,4,3,1.942579449432365
97,4,3,1.942579449432365
98,4,3,1.942579449432365
99,3,3,1.942579449432365
100,4,3,1.942579449432365
101,1,3,1.942579449432365
102,1,3,1.750701745952595
103,1,3,1.750701745952595
104,2,3,1.750701745952595
105,1,3,1.750701745952595
106,2,1,1.6323021777766527
107,3,1,1.6323021777766527
108,1,1,1.6323021777766527
109,2,1,1.6323021777766527
110,4,1,1.7320179925935693
111,4,1,1.7320179925935693
112,3,1,1.7320179925935693
113,1,1,1.7320179925935693
114,3,1,1.7320179925935693
115,4,3,1.8692308268323876
116,4,3,1.8692308268323876
117,4,3,1.8692308268323876
118,3,3,1.8692308268323876
119,4,3,1.8692308268323876
120,4,3,1.8692308268323876
121,4,3,1.8692308268323876
122,4,3,1.8692308268323876
123,3,3,1.8692308268323876
124,4,3,1.8692308268323876
125,4,3,1.8692308268323876
126,4,3,1.8692308268323876
127,3,3,1.8692308268323876
128,3,3,1.8692308268323876
129,4,3,1.8692308268323876
130,4,3,1.8692308268323876
131,4,5,2.4130518872393534
132,4,5,2.4130518872393534
133,4,5,2.4130518872393534
134,4,5,2.4130518872393534
135,4,5,2.4130518872393534
136,3,5,2.4130518872393534
137,4,5,2.4130518872393534
138,4,5,2.4130518872393534
139,4,5,2.4130518872393534
140,4,5,2.4130518872393534
141,4,5,2.4130518872393534
142,4,5,2.4130518872393534
143,4,5,2.4130518872393534
144,3,5,2.4130518872393534
145,3,5,2.4130518872393534
146,4,1,1.6384328185989587
147,4,1,1.6384328185989587
148,4,1,1.6384328185989587
149,4,1,1.6384328185989587
150,4,1,1.6384328185989587
151,4,3,1.9479285547571359
152,3,3,1.9386509150803342
153,4,3,1.9386509150803342
154,4,3,1.9386509150803342
155,3,3,1.9386509150803342
156,4,3,1.9386509150803342
157,4,3,1.9386509150803342
158,5,5,3.128899666851701
159,3,5,3.128899666851701
160,4,5,3.128899666851701
161,4,5,3.128899666851701
162,3,5,3.128899666851701
163,4,1,1.6428910247271986
164,5,1,1.6428910247271986
165,3,1,1.6428910247271986
166,4,1,1.6428910247271986
167,4,1,1.6428910247271986
168,5,1,1.6428910247271986
169,5,1,1.6428910247271986
170,4,1,1.6428910247271986
171,2,1,1.6428910247271986
172,3,1,1.6428910247271986
173,3,1,1.6428910247271986
174,4,1,1.6428910247271986
175,5,5,3.610243999000821
176,5,5,3.610243999000821
177,5,5,3.610243999000821
178,5,5,3.610243999000821
179,5,5,3.610243999000821
180,5,5,3.610243999000821
181,5,5,3.610243999000821
182,5,5,3.610243999000821
183,5,5,3.610243999000821
184,5,5,3.610243999000821
185,4,5,3.610243999000821
186,4,5,3.610243999000821
187,4,5,3.610243999000821
188,4,5,3.610243999000821
189,4,5,3.610243999000821
190,4,5,3.610243999000821
191,4,5,3.610243999000821
192,4,5,3.610243999000821
193,5,5,3.610243999000821
194,4,3,1.9979409032166304
195,4,3,1.9979409032166304
196,4,3,1.9979409032166304
197,4,3,1.9979409032166304
198,4,3,1.9979409032166304
199,4,3,1.9979409032166304
200,4,3,1.9979409032166304
201,4,3,1.9979409032166304
202,4,3,1.9979409032166304
203,4,3,1.9979409032166304
204,4,3,1.9979409032166304
205,5,5,3.7688137551977814
206,5,5,3.7688137551977814
207,4,5,3.1745187824559054
208,4,5,3.765239857228584
209,4,5,3.765239857228584
210,5,5,3.2745989327985416
211,2,5,3.298287340452336
212,1,5,3.298287340452336
213,5,5,3.485551793526809
214,3,3,2.5067691902276312
215,3,3,2.5067691902276312
216,3,3,3.231174983539794
217,3,3,3.231174983539794
218,3,3,2.5364416836591066
219,3,3,2.5364416836591066
220,5,3,2.537191856168519
221,5,3,2.537191856168519
222,5,3,2.537191856168519
223,5,3,2.537191856168519
224,5,5,2.484660307128822
225,5,5,2.484660307128822
226,5,5,2.484660307128822
227,4,5,2.484660307128822
228,5,5,2.484660307128822
229,5,5,2.484660307128822
230,5,5,2.484660307128822
231,4,5,2.484660307128822
232,5,5,2.484660307128822
233,5,5,2.5191086383485923
234,5,5,2.5191086383485923
235,5,5,2.5191086383485923
236,5,5,2.5191086383485923
237,5,5,2.5191086383485923
238,5,5,2.5191086383485923
239,5,5,2.5191086383485923
240,5,5,2.5191086383485923
241,5,5,2.5191086383485923
242,5,5,2.5191086383485923
243,5,5,2.5191086383485923
244,5,5,2.5191086383485923
245,5,5,2.5191086383485923
246,4,5,2.5191086383485923
247,5,5,2.5191086383485923
248,5,5,2.5191086383485923
249,5,5,2.5191086383485923
250,5,5,2.5191086383485923
251,5,5,2.5191086383485923
252,5,5,2.5191086383485923
253,5,5,2.5191086383485923
254,1,5,2.5191086383485923
255,1,5,2.5191086383485923
256,1,5,2.5191086383485923
257,1,5,2.5191086383485923
258,1,3,2.493524797038698
259,1,3,2.493524797038698
260,1,3,2.493524797038698
261,1,3,2.493524797038698
262,4,3,2.493524797038698
263,4,3,2.493524797038698
264,1,3,2.493524797038698
265,5,3,2.493524797038698
266,5,3,2.493524797038698
267,4,3,2.493524797038698
268,3,3,2.493524797038698
269,4,3,2.493524797038698
270,4,3,2.2354238085042404
271,4,3,2.2354238085042404
272,4,3,2.2354238085042404
273,4,3,2.2354238085042404
274,4,3,2.2354238085042404
275,4,3,2.2354238085042404
276,4,3,2.2354238085042404
277,4,3,2.2354238085042404
278,4,3,2.2354238085042404
279,4,3,2.2354238085042404
280,4,3,2.2354238085042404
281,4,3,2.2354238085042404
282,4,3,2.2354238085042404
283,4,3,2.2354238085042404
284,4,3,2.2354238085042404
285,4,3,2.2354238085042404
286,4,3,2.2354238085042404
287,4,3,2.2354238085042404
288,4,3,2.2354238085042404
289,4,3,2.2354238085042404
290,4,3,2.1830743472941077
291,4,3,2.1830743472941077
292,4,3,2.1830743472941077
293,3,3,2.1830743472941077
294,4,3,2.1830743472941077
295,4,3,2.1830743472941077
296,4,3,2.1830743472941077
297,4,3,2.1830743472941077
298,4,3,2.1830743472941077
299,4,3,2.1830743472941077
300,4,3,2.1830743472941077
301,4,3,2.1830743472941077
302,4,3,2.3264195681313034
303,4,3,2.3264195681313034
304,4,3,2.3264195681313034
305,4,3,2.3264195681313034
306,4,3,2.3264195681313034
307,4,3,2.3264195681313034
308,4,3,2.3264195681313034
309,4,3,2.3264195681313034
310,4,3,2.4064307146029353
311,4,3,2.4064307146029353
312,4,3,2.4064307146029353
313,4,3,2.4064307146029353
314,4,3,2.4064307146029353
315,4,3,2.4064307146029353
316,4,3,2.4064307146029353
317,4,3,2.4064307146029353
318,4,3,2.4064307146029353
319,4,3,2.4064307146029353
320,4,3,2.4064307146029353
321,4,3,2.2344595710180633
322,4,3,2.2344595710180633
323,4,3,2.2344595710180633
324,4,3,2.633659761482172
325,4,3,2.633659761482172
326,4,3,2.633659761482172
327,4,3,2.633659761482172
328,4,3,2.633659761482172
329,4,3,2.633659761482172
330,4,3,2.633659761482172
331,4,3,2.633659761482172
332,4,3,2.633659761482172
333,4,3,1.8719610925645354
334,4,3,1.8719610925645354
335,4,3,1.8719610925645354
336,4,5,3.377038126843696
337,4,5,3.377038126843696
338,4,5,3.377038126843696
339,2,5,3.377038126843696
340,4,5,3.377038126843696
341,3,5,3.377038126843696
342,5,5,3.377038126843696
343,5,5,3.377038126843696
344,5,5,3.377038126843696
345,5,1,1.639803908554583
346,1,1,1.639803908554583
347,1,1,1.639803908554583
348,1,1,1.639803908554583
349,1,1,1.639803908554583
350,3,1,1.639803908554583
351,3,5,3.5083489547440423
352,5,3,3.358972276831852
353,4,5,3.5083489547440423
354,4,5,3.5083489547440423
355,4,3,1.9537637509482446
356,5,3,1.9537637509482446
357,5,3,1.9537637509482446
358,4,3,1.9537637509482446
359,5,3,1.9537637509482446
360,2,3,1.9537637509482446
361,3,5,3.9658429322413697
362,4,3,1.9537637509482446
363,5,5,3.9658429322413697
364,4,3,1.9537637509482446
365,4,5,3.9658429322413697
366,1,3,1.9537637509482446
367,1,3,1.9537637509482446
368,1,3,1.9537637509482446
369,4,5,3.9658429322413697
370,1,3,1.9537637509482446
371,4,5,3.9658429322413697
372,4,5,3.8451364718977628
373,4,5,3.8451364718977628
374,5,5,3.8451364718977628
375,5,5,3.8451364718977628
376,5,5,3.4839153869977593
377,1,3,2.017019525739655
378,1,3,2.017019525739655
379,1,3,2.017019525739655
380,4,1,1.6393730822374843
381,1,3,2.017019525739655
382,1,3,2.017019525739655
383,4,5,3.4839153869977593
384,4,1,1.6393730822374843
385,1,3,2.017019525739655
386,1,3,2.017019525739655
387,5,5,3.4839153869977593
388,4,1,1.6393730822374843
389,1,3,2.017019525739655
390,1,3,2.017019525739655
391,4,5,3.4839153869977593
392,1,3,2.017019525739655
393,1,3,2.017019525739655
394,5,5,3.8637531474461855
395,4,5,3.570482897172965
396,1,3,2.017019525739655
397,5,5,3.8637531474461855
398,5,5,3.8637531474461855
399,4,5,3.8637531474461855
400,5,5,3.570482897172965
401,3,5,3.50027385757442
402,4,5,3.50027385757442
403,5,5,3.815225087726991
404,4,5,3.815225087726991
405,5,5,3.815225087726991
406,5,5,3.815225087726991
407,4,5,3.815225087726991
408,4,5,3.570482897172965
409,3,3,1.9700237588086351
410,5,5,3.815225087726991
411,4,3,1.9700237588086351
412,4,5,3.815225087726991
413,4,3,1.8158262675215433
414,3,3,2.9581591660486506
415,5,5,3.815225087726991
416,4,3,1.8158262675215433
417,4,3,1.8158262675215433
418,4,5,3.815225087726991
419,5,5,3.815225087726991
420,5,5,3.815225087726991
421,5,3,1.8158262675215433
422,5,3,1.8158262675215433
423,5,5,3.815225087726991
424,5,5,3.815225087726991
425,5,3,1.8158262675215433
426,4,5,3.8384925000762258
427,4,3,2.929628632259524
428,4,3,2.929628632259524
429,3,5,3.8384925000762258
430,5,3,2.929628632259524
431,5,5,3.8384925000762258
432,5,3,2.929628632259524
433,5,5,3.596151566222554
434,4,5,3.8384925000762258
435,5,3,1.8158262675215433
436,4,5,3.8384925000762258
437,5,3,1.8158262675215433
438,4,5,3.8384925000762258
439,5,5,3.596151566222554
440,5,5,3.868875381454471
441,5,5,3.596151566222554
442,5,5,3.596151566222554
443,5,5,3.596151566222554
444,5,3,2.054423077182815
445,5,3,2.054423077182815
446,5,3,2.054423077182815
447,5,3,2.054423077182815
448,5,3,2.054423077182815
449,5,3,2.054423077182815
450,5,3,2.054423077182815
451,5,3,1.8722489761807508
452,5,3,1.8722489761807508
453,4,3,1.8722489761807508
454,5,3,1.8722489761807508
455,5,3,1.8722489761807508
456,4,3,1.8722489761807508
457,5,3,1.8722489761807508
458,4,5,3.3060224719074176
459,4,5,3.3060224719074176
460,4,5,3.3060224719074176
461,4,5,3.3060224719074176
462,4,5,3.3060224719074176
463,5,5,3.3060224719074176
464,5,1,1.7812381653428657
465,5,1,1.7812381653428657
466,5,1,1.7812381653428657
467,4,1,1.7812381653428657
468,5,5,3.085886073416635
469,3,5,2.5040134254246684
470,5,5,3.168604340064001
471,1,3,1.7124394891304007
472,1,3,1.7124394891304007
473,1,3,1.7124394891304007
474,1,3,1.7124394891304007
475,1,3,1.7124394891304007
476,1,3,1.7124394891304007
477,1,3,1.7124394891304007
478,1,3,1.7124394891304007
479,1,3,1.7124394891304007
480,1,3,1.7124394891304007
481,1,3,1.7124394891304007
482,1,3,1.7477654093227948
483,1,3,1.7477654093227948
484,1,3,1.7477654093227948
485,1,3,1.7477654093227948
486,1,3,1.7477654093227948
487,1,3,1.7477654093227948
488,2,3,1.7477654093227948
489,2,3,1.7477654093227948
490,2,3,1.7477654093227948
491,2,3,2.2214115871718367
492,2,3,2.2214115871718367
493,4,3,2.2214115871718367
494,4,3,2.2214115871718367
495,4,3,2.2214115871718367
496,4,3,2.2033773014263036
497,4,3,2.2033773014263036
498,4,3,2.2033773014263036
499,4,3,2.2033773014263036
500,3,3,2.2033773014263036
501,5,1,1.7314183917526234
502,4,1,1.7314183917526234
503,4,1,1.7314183917526234
504,4,1,1.7314183917526234
505,4,3,1.887795796900594
506,4,3,1.887795796900594
507,4,3,1.887795796900594
508,4,3,1.887795796900594
509,4,3,1.887795796900594
510,4,3,1.887795796900594
511,5,3,2.209525566484802
512,4,1,2.177359615403465
513,4,1,1.7664390485763466
514,1,5,3.532262069393771
515,4,5,3.532262069393771
516,4,5,3.547266637390484
517,4,5,3.547266637390484
518,4,5,3.547266637390484
519,5,5,3.8879921914343774
520,5,5,3.8879921914343774
521,5,5,2.517649162550407
522,5,5,2.517649162550407
523,5,5,2.517649162550407
524,5,5,2.517649162550407
525,4,3,2.168612252893114
526,4,3,2.168612252893114
527,4,3,2.168612252893114
528,1,5,3.5549628506610884
529,5,5,3.4649661084482166
530,5,5,3.4649661084482166
531,4,3,3.0842209347651846
532,1,3,2.1904129350435197
533,1,3,2.1904129350435197
534,1,3,2.1904129350435197
535,1,3,2.1904129350435197
536,1,3,2.1904129350435197
537,1,3,2.1904129350435197
538,1,3,2.1904129350435197
539,1,3,2.1904129350435197
540,1,3,2.1904129350435197
541,1,3,2.1904129350435197
542,1,3,2.1762740005981556
543,1,3,2.1762740005981556
544,1,3,2.1762740005981556
545,4,3,2.1762740005981556
546,4,3,2.1762740005981556
547,4,3,2.1762740005981556
548,5,3,2.2217000439262606
549,4,3,2.2217000439262606
550,3,3,2.2217000439262606
551,4,3,2.2217000439262606
552,4,3,2.2217000439262606
553,4,3,2.2217000439262606
554,4,3,2.2217000439262606
555,4,3,2.2217000439262606
556,4,3,2.230139702342211
557,4,3,2.230139702342211
558,4,3,2.230139702342211
559,4,3,2.230139702342211
560,3,3,2.230139702342211
561,2,3,2.230139702342211
562,2,3,2.230139702342211
563,2,3,2.230139702342211
564,2,3,2.230139702342211
565,2,3,1.986363600633788
566,2,3,1.986363600633788
567,2,3,1.986363600633788
568,2,3,1.986363600633788
569,2,3,1.986363600633788
570,2,3,1.986363600633788
571,2,3,1.986363600633788
572,2,3,1.986363600633788
573,2,3,1.986363600633788
574,2,3,1.986363600633788
575,2,3,1.986363600633788
576,2,3,1.687825629062859
577,2,3,1.687825629062859
578,2,3,1.687825629062859
579,1,3,1.687825629062859
580,1,3,1.687825629062859
581,1,3,1.687825629062859
582,1,3,1.687825629062859
583,1,3,1.687825629062859
584,1,3,1.687825629062859
585,1,1,1.6940476438790328
586,1,1,1.6940476438790328
587,1,1,1.6940476438790328
588,1,1,1.6940476438790328
589,2,1,1.6940476438790328
590,2,1,1.6940476438790328
591,2,1,1.6940476438790328
592,2,1,1.6940476438790328
593,2,1,1.6940476438790328
594,2,1,1.6940476438790328
595,2,1,1.6940476438790328
596,2,1,1.6940476438790328
597,2,3,2.2667945116007835
598,3,3,2.2667945116007835
599,3,3,2.2667945116007835
600,3,3,2.2667945116007835
601,2,3,2.2667945116007835
602,3,3,2.2667945116007835
603,3,3,2.2667945116007835
604,3,3,2.2667945116007835
605,3,3,2.2667945116007835
606,3,3,2.2667945116007835
607,3,3,2.2667945116007835
608,3,3,2.2667945116007835
609,3,3,2.2667945116007835
610,3,3,2.2257377924214166
611,3,3,2.2257377924214166
612,3,3,2.2257377924214166
613,3,3,2.2257377924214166
614,3,3,2.2257377924214166
615,4,3,2.2257377924214166
616,4,3,2.2257377924214166
617,4,3,2.2257377924214166
618,4,3,2.2257377924214166
619,4,3,2.2257377924214166
620,4,3,2.2257377924214166
621,4,3,2.2257377924214166
622,4,3,2.2257377924214166
623,4,3,2.2257377924214166
624,4,3,2.2257377924214166
625,4,3,2.2257377924214166
626,3,3,2.2257377924214166
627,4,3,2.2257377924214166
628,1,3,2.205259989397507
629,2,3,2.205259989397507
630,2,3,2.205259989397507
631,1,3,2.205259989397507
632,2,3,2.205259989397507
633,2,3,2.205259989397507
634,2,3,2.205259989397507
635,2,3,2.205259989397507
636,2,3,2.205259989397507
637,2,3,2.205259989397507
638,2,3,2.205259989397507
639,2,3,2.205259989397507
640,2,3,2.205259989397507
641,2,3,2.205259989397507
642,2,3,2.205259989397507
643,2,3,2.205259989397507
644,2,3,2.205259989397507
645,2,3,2.205259989397507
646,2,3,2.205259989397507
647,2,3,2.3706928666435547
648,2,3,2.3706928666435547
649,3,3,2.3706928666435547
650,2,3,2.3706928666435547
651,2,3,2.3706928666435547
652,2,3,2.3706928666435547
653,2,3,2.3706928666435547
654,4,3,2.3706928666435547
655,4,3,2.3706928666435547
656,3,3,2.3706928666435547
657,4,3,2.3706928666435547
658,4,3,2.3706928666435547
659,4,3,2.3706928666435547
660,4,3,2.3706928666435547
661,4,3,2.3706928666435547
662,4,3,2.3706928666435547
663,5,3,2.3706928666435547
664,4,3,2.3706928666435547
665,4,3,2.3706928666435547
666,4,3,2.3008043448526583
667,4,3,2.3008043448526583
668,4,3,2.3008043448526583
669,4,3,2.3008043448526583
670,1,3,2.3008043448526583
671,1,3,2.3008043448526583
672,1,3,2.3008043448526583
673,1,3,2.3008043448526583
674,1,3,2.3008043448526583
675,4,3,2.469525577040713
676,4,3,2.469525577040713
677,4,3,2.469525577040713
678,5,5,3.3414144192405724
679,5,5,3.3414144192405724
680,4,1,1.7491204339872595
681,4,1,1.7491204339872595
682,4,1,1.7491204339872595
683,4,1,1.7491204339872595
684,4,1,1.7491204339872595
685,4,1,1.7491204339872595
686,5,3,2.0322444893263465
687,5,3,2.0322444893263465
688,5,1,1.7732385676279794
689,5,1,1.7732385676279794
690,5,1,1.7732385676279794
691,5,1,1.7732385676279794
692,5,1,1.7732385676279794
693,5,1,1.7732385676279794
694,5,1,1.741964493532867
695,5,1,1.741964493532867
696,1,1,1.741964493532867
697,1,1,1.741964493532867
698,1,1,1.741964493532867
699,1,1,1.741964493532867
700,1,1,1.741964493532867
701,1,5,3.4246787563532592
702,1,5,3.4246787563532592
703,1,5,3.4246787563532592
704,4,5,3.4246787563532592
705,4,5,3.4246787563532592
706,4,5,3.4246787563532592
707,4,5,3.4246787563532592
708,4,5,3.4246787563532592
709,4,5,3.4246787563532592
710,4,5,3.4246787563532592
711,4,5,3.4246787563532592
712,4,5,3.4246787563532592
713,2,5,3.4246787563532592
714,4,5,3.4246787563532592
715,3,3,1.935363807774424
716,4,3,1.935363807774424
717,4,3,1.935363807774424
718,4,3,1.935363807774424
719,4,3,1.935363807774424
720,4,3,1.935363807774424
721,4,3,1.935363807774424
722,4,5,3.56200657089455
723,4,5,3.56200657089455
724,4,1,1.7220464163377736
725,4,1,1.7220464163377736
726,4,1,1.7220464163377736
727,4,1,1.7220464163377736
728,4,1,1.7220464163377736
729,4,1,1.7220464163377736
730,4,3,2.060010636664825
731,4,3,2.060010636664825
732,4,3,2.060010636664825
733,4,3,2.060010636664825
734,4,3,2.060010636664825
735,4,3,2.060010636664825
736,4,3,2.060010636664825
737,4,3,2.060010636664825
738,4,5,3.342156374545959
739,5,5,3.342156374545959
740,5,5,3.342156374545959
741,5,5,3.342156374545959
742,4,5,3.524848184186847
743,4,5,3.524848184186847
744,4,5,3.524848184186847
745,4,5,3.524848184186847
746,5,5,3.524848184186847
747,5,5,3.524848184186847
748,5,5,3.524848184186847
749,5,5,3.524848184186847
750,5,5,3.524848184186847
751,5,5,3.524848184186847
752,5,5,3.524848184186847
753,5,3,1.7081737928556884
754,2,3,1.7081737928556884
755,4,3,1.7081737928556884
756,4,3,1.7081737928556884
757,4,3,1.7081737928556884
758,4,3,1.817486456494584
759,4,3,1.817486456494584
760,4,5,3.55751133481569
761,5,5,3.55751133481569
762,1,5,3.55751133481569
763,3,5,3.55751133481569
764,4,5,3.55751133481569
765,5,5,3.55751133481569
766,5,5,3.55751133481569
767,1,5,3.55751133481569
768,4,5,3.55751133481569
769,1,5,3.55751133481569
770,2,5,3.55751133481569
771,3,5,3.55751133481569
772,3,5,3.55751133481569
773,2,5,3.55751133481569
774,2,5,3.55751133481569
775,4,5,3.55751133481569
776,5,3,1.8813603839170066
777,5,3,1.8813603839170066
778,5,3,1.8813603839170066
779,5,3,1.8813603839170066
780,5,3,1.8813603839170066
781,3,3,1.9561098935254335
782,3,3,1.9561098935254335
783,3,3,1.9561098935254335
784,3,3,1.9561098935254335
785,3,3,1.9561098935254335
786,3,3,1.9561098935254335
787,3,3,1.9561098935254335
788,3,3,1.9561098935254335
789,3,3,1.9561098935254335
790,5,1,1.72061247407608
791,5,1,1.72061247407608
792,5,1,1.72061247407608
793,5,1,1.72061247407608
794,5,1,1.72061247407608
795,5,1,1.72061247407608
796,5,1,1.72061247407608
797,5,1,1.72061247407608
798,5,1,1.72061247407608
799,5,1,1.72061247407608
800,5,3,1.9693950287451418
801,4,3,1.9693950287451418
802,4,3,1.9693950287451418
803,4,3,1.9693950287451418
804,4,3,1.9693950287451418
805,4,3,1.9693950287451418
806,4,3,1.9693950287451418
807,4,3,1.9693950287451418
808,4,3,1.9693950287451418
809,4,3,1.9693950287451418
810,4,3,1.8765097054902198
811,4,3,1.8765097054902198
812,5,3,1.8765097054902198
813,5,3,1.8765097054902198
814,5,3,1.8765097054902198
815,4,3,1.8765097054902198
816,5,3,1.8765097054902198
817,5,3,1.8765097054902198
818,5,3,1.8765097054902198
819,5,3,1.8765097054902198
820,5,3,1.8765097054902198
821,5,3,1.8765097054902198
822,5,3,1.8765097054902198
823,5,3,1.8765097054902198
824,4,5,3.4854822557147864
825,4,5,3.4854822557147864
826,3,5,3.4854822557147864
827,4,5,3.4854822557147864
828,4,5,3.4854822557147864
829,4,5,3.4854822557147864
830,4,5,3.4854822557147864
831,4,5,3.4854822557147864
832,4,5,3.5300024741624485
833,4,5,3.5300024741624485
834,4,5,3.5300024741624485
835,4,5,3.5300024741624485
836,4,5,3.5300024741624485
837,5,5,3.5300024741624485
838,5,5,3.5300024741624485
839,5,5,3.5300024741624485
840,5,5,3.5300024741624485
841,5,5,3.6551439392574196
842,5,5,3.6551439392574196
843,5,5,3.6551439392574196
844,5,5,3.6551439392574196
845,5,5,3.6551439392574196
846,5,5,3.6551439392574196
847,5,5,3.6551439392574196
848,5,5,3.6551439392574196
849,5,5,3.6551439392574196
850,5,5,3.6551439392574196
851,5,5,3.6551439392574196
852,5,5,3.6551439392574196
853,5,5,3.6551439392574196
854,5,5,3.6551439392574196
855,5,5,3.6551439392574196
856,5,5,3.6551439392574196
857,5,5,3.6551439392574196
858,5,5,3.6551439392574196
859,5,5,3.6551439392574196
860,5,5,3.6551439392574196
861,5,5,3.6551439392574196
862,5,5,3.6551439392574196
863,5,5,3.580319858492491
864,5,5,3.580319858492491
865,5,5,3.580319858492491
866,5,5,3.580319858492491
867,5,5,3.580319858492491
868,5,5,3.580319858492491
869,5,5,3.580319858492491
870,5,5,3.580319858492491
871,5,5,3.580319858492491
872,5,5,3.580319858492491
873,5,5,3.580319858492491
874,5,5,3.580319858492491
875,4,5,3.580319858492491
876,4,5,3.580319858492491
877,4,5,3.580319858492491
878,4,5,3.580319858492491
879,4,5,3.580319858492491
880,4,5,3.580319858492491
881,4,5,3.580319858492491
882,5,5,3.580319858492491
883,5,5,3.580319858492491
884,5,5,3.580319858492491
885,4,5,3.580319858492491
886,4,1,1.727299598673362
887,5,1,1.727299598673362
888,5,1,1.727299598673362
889,5,1,1.727299598673362
890,5,1,1.727299598673362
891,5,1,1.727299598673362
892,5,1,1.727299598673362
893,5,1,1.727299598673362
894,5,1,1.727299598673362
895,5,1,1.727299598673362
896,5,1,1.727299598673362
897,5,1,1.727299598673362
898,5,1,1.727299598673362
899,5,1,1.727299598673362
900,5,1,1.727299598673362
901,5,1,1.727299598673362
902,5,1,1.727299598673362
903,5,1,1.727299598673362
904,4,1,1.727299598673362
905,5,1,1.727299598673362
906,5,1,1.727299598673362
907,5,5,3.5274109958919317
908,5,5,3.5274109958919317
909,5,5,3.5274109958919317
910,5,5,3.5274109958919317
911,5,5,3.5274109958919317
912,5,5,3.5274109958919317
913,5,5,3.5274109958919317
914,5,5,3.5274109958919317
915,3,3,2.234349123368505
916,2,5,2.5253902510984187
917,3,3,2.1784155139573342
918,4,3,2.7980202067564277
919,2,3,2.7980202067564277
920,2,3,2.435070212343389
921,2,3,2.435070212343389
922,4,3,2.435070212343389
923,4,3,2.6007826303513357
924,5,3,2.861425179991256
925,4,3,1.676908293902651
926,4,3,1.676908293902651
927,3,3,1.676908293902651
928,4,3,1.9364149159129687
929,4,3,1.9364149159129687
930,4,3,1.9364149159129687
931,5,1,1.6623687723685314
932,5,1,1.6623687723685314
933,5,1,1.6623687723685314
934,5,3,2.740384894784239
935,5,3,2.740384894784239
936,4,3,2.740384894784239
937,4,3,2.740384894784239
938,4,3,2.740384894784239
939,4,3,2.707588815816374
940,4,3,2.707588815816374
941,5,5,3.1702875375323036
942,5,3,1.9848765167832392
943,5,3,2.4355343227455357
944,5,3,2.4355343227455357
945,5,3,2.4355343227455357
946,5,3,2.4355343227455357
947,5,3,2.4355343227455357
948,5,3,2.4355343227455357
949,5,3,2.4355343227455357
950,5,3,2.4355343227455357
951,5,5,3.468341578846746
952,4,5,3.468341578846746
953,5,5,3.468341578846746
954,4,5,3.468341578846746
955,4,5,3.468341578846746
956,5,5,3.468341578846746
957,4,5,3.468341578846746
958,4,5,3.468341578846746
959,4,5,3.468341578846746
960,4,5,3.468341578846746
961,5,5,3.468341578846746
962,5,5,3.468341578846746
963,5,5,3.468341578846746
964,5,5,3.468341578846746
965,5,5,3.468341578846746
966,5,5,3.468341578846746
967,5,5,3.468341578846746
968,5,3,2.4721232726021647
969,3,5,3.4303525290792596
970,3,5,3.4303525290792596
971,3,5,3.4303525290792596
972,3,3,1.7077887744776423
973,3,3,1.7077887744776423
974,3,3,1.7077887744776423
975,3,3,1.7077887744776423
976,3,3,1.7077887744776423
977,3,3,1.7077887744776423
978,3,3,1.7077887744776423
979,3,3,1.7077887744776423
980,3,3,1.7077887744776423
981,3,3,1.7077887744776423
982,3,3,1.7077887744776423
983,3,3,1.7077887744776423
984,4,3,1.7077887744776423
985,3,3,1.7077887744776423
986,3,3,1.7077887744776423
987,3,3,1.7077887744776423
988,3,3,1.7077887744776423
989,5,3,3.056959223490446
990,5,3,2.109567169913603
991,5,3,2.109567169913603
992,4,3,2.109567169913603
993,4,3,2.109567169913603
994,4,3,2.109567169913603
995,4,3,2.109567169913603
996,4,3,2.109567169913603
997,4,3,2.109567169913603
998,4,5,3.164614994417068
999,5,3,2.0056189390588504
1000,4,3,2.0056189390588504
1001,5,3,2.0056189390588504
1002,5,3,2.069491175285834
1003,4,3,2.069491175285834
1004,5,3,2.069491175285834
1005,5,3,2.069491175285834
1006,5,3,2.069491175285834
1007,5,3,2.069491175285834
1008,5,3,2.069491175285834
1009,5,3,2.069491175285834
1010,5,3,2.069491175285834
1011,5,3,2.069491175285834
1012,4,3,2.2897652138001297
1013,4,5,3.043476869238008
1014,5,3,3.319044623261579
1015,3,3,3.319044623261579
1016,4,3,2.4159060718876506
1017,3,3,2.4159060718876506
1018,3,3,2.4466025467951096
1019,4,3,1.7295486977045584
1020,4,3,1.7295486977045584
1021,5,5,3.0384268230452856
1022,5,5,3.0384268230452856
1023,5,5,3.0384268230452856
1024,5,5,3.1816615254981264
1025,5,5,3.1816615254981264
1026,5,5,3.1816615254981264
1027,4,5,3.1816615254981264
1028,5,5,3.1816615254981264
1029,5,5,3.1816615254981264
1030,5,5,3.1816615254981264
1031,5,5,3.1816615254981264
1032,5,5,3.1816615254981264
1033,5,5,3.1816615254981264
1034,4,3,2.661877517557813
1035,4,3,2.661877517557813
1036,4,3,2.661877517557813
1037,4,3,2.661877517557813
1038,4,3,2.661877517557813
1039,4,3,3.1259669149325258
1040,5,3,3.1259669149325258
1041,5,3,3.1259669149325258
1042,5,3,3.1259669149325258
1043,5,3,3.1259669149325258
1044,5,5,3.4011972777546142
1045,5,5,3.4011972777546142
1046,5,5,3.4011972777546142
1047,5,5,3.4011972777546142
1048,5,5,3.4011972777546142
1049,5,5,3.4011972777546142
1050,5,5,3.4011972777546142
1051,3,3,1.9313464639490625
1052,3,3,1.9313464639490625
1053,3,3,1.9313464639490625
1054,4,3,1.9313464639490625
1055,4,3,1.9313464639490625
1056,4,5,3.5070351396610597
1057,4,5,3.5070351396610597
1058,5,5,3.5070351396610597
1059,5,5,3.5070351396610597
1060,5,5,3.5070351396610597
1061,5,5,3.5070351396610597
1062,5,5,3.5070351396610597
1063,5,5,3.5070351396610597
1064,5,5,3.5070351396610597
1065,5,5,3.5070351396610597
1066,5,5,3.5070351396610597
1067,5,5,2.87857354219227
1068,5,5,2.87857354219227
1069,5,5,2.87857354219227
1070,5,5,2.87857354219227
1071,5,5,2.87857354219227
1072,5,5,2.87857354219227
1073,5,5,2.87857354219227
1074,4,5,2.69644729606213
1075,4,5,2.69644729606213
1076,4,5,2.69644729606213
1077,4,5,2.69644729606213
1078,4,5,2.69644729606213
1079,3,5,2.533756982031381
1080,3,5,2.533756982031381
1081,3,5,2.533756982031381
1082,3,5,2.533756982031381
1083,3,5,2.533756982031381
1084,5,5,2.533756982031381
1085,5,5,3.402511228012369
1086,5,5,3.402511228012369
1087,5,5,3.402511228012369
1088,5,5,3.402511228012369
1089,1,1,1.6570625496995695
1090,1,1,1.6570625496995695
1091,1,1,1.706787317756917
1092,1,1,1.706787317756917
1093,1,1,1.706787317756917
1094,1,1,1.706787317756917
1095,1,1,1.706787317756917
1096,1,5,3.349908400501419
1097,1,5,3.349908400501419
1098,1,5,3.349908400501419
1099,1,5,3.6075396854106407
1100,1,5,3.6075396854106407
1101,1,5,3.6075396854106407
1102,1,3,3.1579780170569
1103,4,3,3.0771170552845724
1104,4,3,3.0771170552845724
1105,4,3,3.0771170552845724
1106,4,3,2.9027828068380557
1107,4,3,2.9027828068380557
1108,4,3,2.9027828068380557
1109,4,3,2.9027828068380557
1110,4,3,2.9027828068380557
1111,4,3,2.7231957079563487
1112,4,3,2.7231957079563487
1113,4,3,2.7231957079563487
1114,4,5,3.437990456466143
1115,4,5,3.437990456466143
1116,4,5,3.437990456466143
1117,4,5,3.3902471746194913
1118,4,5,3.3902471746194913
1119,5,5,3.3902471746194913
1120,5,5,3.3902471746194913
1121,4,5,3.3902471746194913
1122,4,5,3.3902471746194913
1123,5,3,2.533011769498533
1124,5,3,2.533011769498533
1125,5,3,2.533011769498533
1126,5,3,2.533011769498533
1127,5,3,2.533011769498533
1128,5,3,2.533011769498533
1129,5,3,1.9180442077463176
1130,5,3,1.9180442077463176
1131,4,1,1.6502235692564913
1132,1,1,1.6502235692564913
1133,1,1,1.6502235692564913
1134,1,1,1.6502235692564913
1135,3,3,2.3020677023664664
1136,1,3,2.3020677023664664
1137,2,3,2.2734340534685304
1138,2,3,2.2075931623034126
1139,2,3,2.2075931623034126
1140,2,3,2.2075931623034126
1141,3,3,2.2075931623034126
1142,3,3,2.2075931623034126
1143,3,3,2.2075931623034126
1144,3,3,2.2075931623034126
1145,3,3,2.2075931623034126
1146,3,3,2.2075931623034126
1147,3,3,2.2075931623034126
1148,3,3,2.2075931623034126
1149,3,3,2.2075931623034126
1150,3,3,2.2075931623034126
1151,5,3,2.2075931623034126
1152,5,3,2.2075931623034126
1153,5,3,2.3163408941578565
1154,5,3,2.3163408941578565
1155,5,3,2.3163408941578565
1156,5,3,2.3163408941578565
1157,5,3,2.3163408941578565
1158,5,3,2.3163408941578565
1159,5,3,2.3163408941578565
1160,5,3,2.3163408941578565
1161,5,3,2.3163408941578565
1162,5,3,2.3163408941578565
1163,5,3,2.3163408941578565
1164,5,3,2.3163408941578565
1165,5,3,2.3163408941578565
1166,5,3,2.3163408941578565
1167,5,3,2.3163408941578565
1168,5,3,2.3163408941578565
1169,4,5,3.361334065854387
1170,4,5,3.361334065854387
1171,2,3,1.855723290723306
1172,4,3,2.017089174346417
1173,1,3,2.017089174346417
1174,1,3,2.017089174346417
1175,1,3,2.017089174346417
1176,1,5,2.4262451064592114
1177,4,3,2.0042523717079894
1178,4,1,1.9066959725089636
1179,1,1,1.9066959725089636
1180,1,1,1.9066959725089636
1181,1,1,1.9066959725089636
1182,1,1,1.9066959725089636
1183,1,1,1.9066959725089636
1184,2,1,1.9066959725089636
1185,2,1,1.9066959725089636
1186,2,2,2.1154421752127814
1187,2,2,2.1154421752127814
1188,2,2,2.1154421752127814
1189,2,2,2.1154421752127814
1190,2,2,2.1154421752127814
1191,2,2,2.1154421752127814
1192,2,2,2.1154421752127814
1193,1,3,1.850737740739119
1194,3,3,1.850737740739119
1195,4,3,2.235678904074923
1196,4,3,2.235678904074923
1197,2,3,2.4824300108159028
1198,4,5,3.828805669293409
1199,4,5,3.7970473417413033
1200,5,5,3.810647144785157
1201,5,5,3.810647144785157
1202,5,5,3.713865841691055
1203,2,3,2.8181998538657322
1204,2,3,2.8181998538657322
1205,5,5,3.4745776362032097
1206,2,5,3.7123703861787583
1207,2,5,3.2920480561882433
1208,3,3,2.132747002184387
1209,5,5,2.0199764754780194
1210,2,5,2.6140188294187907
1211,5,3,2.441697279059186
1212,4,3,2.2476329592196884
1213,4,3,2.2476329592196884
1214,2,5,3.7122553892389414
1215,1,5,3.7122553892389414
1216,2,3,2.667716471027663
1217,5,3,2.667716471027663
1218,5,3,2.667716471027663
1219,5,5,3.4708411791421305
1220,5,5,3.4708411791421305
1221,5,5,3.4708411791421305
1222,5,5,3.4708411791421305
1223,5,5,3.4708411791421305
1224,5,5,3.4708411791421305
1225,5,5,3.4708411791421305
1226,5,5,3.4708411791421305
1227,5,5,3.247300080629561
1228,5,5,3.247300080629561
1229,5,5,3.247300080629561
1230,5,5,3.247300080629561
1231,5,5,3.247300080629561
1232,5,5,3.247300080629561
1233,5,5,3.247300080629561
1234,5,5,3.247300080629561
1235,4,5,3.247300080629561
1236,4,5,3.247300080629561
1237,4,5,3.247300080629561
1238,4,1,2.205383259822891
1239,4,1,2.205383259822891
1240,4,1,2.205383259822891
1241,4,1,2.205383259822891
1242,4,1,2.205383259822891
1243,4,1,2.205383259822891
1244,1,1,2.205383259822891
1245,1,1,2.205383259822891
1246,1,1,2.205383259822891
1247,1,1,2.205383259822891
1248,1,1,2.205383259822891
1249,1,1,2.205383259822891
1250,1,3,2.5832643553862873
1251,3,3,2.5832643553862873
1252,4,3,2.5832643553862873
1253,4,3,2.5832643553862873
1254,4,3,2.5832643553862873
1255,4,3,2.5832643553862873
1256,5,3,1.947713286677507
1257,4,3,1.947713286677507
1258,5,3,1.947713286677507
1259,5,3,1.947713286677507
1260,5,3,1.947713286677507
1261,4,3,1.947713286677507
1262,4,3,1.947713286677507
1263,4,3,1.947713286677507
1264,4,3,2.4868283460345904
1265,4,3,2.4868283460345904
1266,5,3,2.4868283460345904
1267,4,3,2.4868283460345904
1268,5,5,3.8472694593367156
1269,4,3,2.4868283460345904
1270,4,5,3.934851839577576
1271,5,3,2.4868283460345904
1272,4,3,2.4868283460345904
1273,4,5,3.934851839577576
1274,4,3,2.4868283460345904
1275,5,5,3.934851839577576
1276,4,3,2.4868283460345904
1277,4,3,2.4868283460345904
1278,5,5,3.934851839577576
1279,3,5,3.934851839577576
1280,4,5,3.934851839577576
1281,4,5,3.934851839577576
1282,2,5,3.934851839577576
1283,4,5,3.934851839577576
1284,1,5,3.934851839577576
1285,5,5,3.8253000553790435
1286,3,5,3.8253000553790435
1287,5,5,3.8253000553790435
1288,4,5,3.8253000553790435
1289,5,5,3.8253000553790435
1290,5,5,3.8253000553790435
1291,3,5,3.8253000553790435
1292,5,5,3.8253000553790435
1293,5,5,3.8253000553790435
1294,3,5,3.942627291771876
1295,4,3,2.4868283460345904
1296,4,3,2.4868283460345904
1297,4,3,2.4868283460345904
1298,5,5,3.942627291771876
1299,4,3,2.4868283460345904
1300,5,5,3.942627291771876
1301,4,3,2.4868283460345904
1302,4,3,2.4868283460345904
1303,4,3,2.892054184140584
1304,4,5,3.942627291771876
1305,4,3,2.892054184140584
1306,4,3,2.892054184140584
1307,4,5,3.942627291771876
1308,4,3,2.892054184140584
1309,4,3,2.892054184140584
1310,5,5,3.942627291771876
1311,4,3,2.892054184140584
1312,5,3,2.892054184140584
1313,4,5,3.942627291771876
1314,4,3,2.892054184140584
1315,4,5,3.942627291771876
1316,4,3,2.892054184140584
1317,4,3,2.892054184140584
1318,4,3,2.892054184140584
1319,4,3,2.892054184140584
1320,4,3,2.892054184140584
1321,4,3,2.892054184140584
1322,4,3,2.892054184140584
1323,4,3,2.892054184140584
1324,4,3,2.892054184140584
1325,4,3,2.892054184140584
1326,4,3,2.892054184140584
1327,5,3,2.892054184140584
1328,4,3,2.892054184140584
1329,4,3,3.216264182627978
1330,3,3,3.216264182627978
1331,3,3,3.216264182627978
1332,4,3,3.216264182627978
1333,4,3,3.216264182627978
1334,4,3,3.216264182627978
1335,5,3,3.216264182627978
1336,5,3,3.216264182627978
1337,5,3,2.6183445252502406
1338,5,3,2.6183445252502406
1339,5,3,2.6183445252502406
1340,5,3,2.6183445252502406
1341,5,3,2.6183445252502406
1342,5,3,2.6183445252502406
1343,5,3,2.6183445252502406
1344,5,3,2.6183445252502406
1345,4,5,3.6004131823870744
1346,5,5,3.6004131823870744
1347,4,5,3.6004131823870744
1348,4,5,3.6004131823870744
1349,4,5,3.6004131823870744
1350,4,5,3.6004131823870744
1351,4,5,3.2171235446067383
1352,4,5,3.2171235446067383
1353,4,5,3.2171235446067383
1354,4,5,3.2171235446067383
1355,5,5,3.2171235446067383
1356,5,5,3.2171235446067383
1357,5,5,3.2171235446067383
1358,5,3,2.026052869400457
1359,5,3,2.026052869400457
1360,5,3,2.026052869400457
1361,5,3,2.026052869400457
1362,5,3,2.026052869400457
1363,5,5,3.5166299038574054
1364,5,5,3.5166299038574054
1365,4,5,3.5166299038574054
1366,4,5,3.5166299038574054
1367,4,5,3.5166299038574054
1368,5,5,3.5166299038574054
1369,4,3,2.0468213432271067
1370,5,3,2.0468213432271067
1371,4,3,2.0468213432271067
1372,4,3,2.0468213432271067
1373,4,3,2.0468213432271067
1374,4,3,2.0468213432271067
1375,4,3,2.0468213432271067
1376,4,3,2.0468213432271067
1377,4,3,2.0468213432271067
1378,4,3,2.0468213432271067
1379,4,3,2.0468213432271067
1380,4,3,2.0468213432271067
1381,5,3,2.0468213432271067
1382,4,3,2.0468213432271067
1383,4,3,2.0468213432271067
1384,4,3,2.0468213432271067
1385,4,3,2.0468213432271067
1386,4,3,2.0468213432271067
1387,4,3,2.0468213432271067
1388,4,5,3.1318494321114967
1389,4,5,3.1318494321114967
1390,4,5,3.1318494321114967
1391,3,5,3.1318494321114967
1392,4,5,3.1318494321114967
1393,4,5,3.1318494321114967
1394,5,5,3.1318494321114967
1395,5,5,3.1318494321114967
1396,5,5,3.1318494321114967
1397,4,5,3.462201323268174
1398,5,5,3.462201323268174
1399,1,1,1.900379562791635
1400,1,1,1.900379562791635
1401,1,1,1.900379562791635
1402,1,1,1.900379562791635
1403,1,1,1.900379562791635
1404,1,3,1.9732964250874983
1405,4,3,1.9732964250874983
1406,4,3,1.9732964250874983
1407,4,3,1.9732964250874983
1408,4,3,1.9732964250874983
1409,4,3,1.9732964250874983
1410,4,3,1.9732964250874983
1411,4,3,1.9732964250874983
1412,4,3,1.9732964250874983
1413,5,3,1.9732964250874983
1414,4,3,2.189200406437895
1415,4,3,2.189200406437895
1416,3,3,2.189200406437895
1417,3,3,2.189200406437895
1418,4,3,2.189200406437895
1419,4,3,2.189200406437895
1420,4,3,2.189200406437895
1421,4,3,2.189200406437895
1422,4,3,2.189200406437895
1423,4,3,2.189200406437895
1424,4,3,2.189200406437895
1425,4,3,2.189200406437895
1426,4,3,2.189200406437895
1427,4,3,2.189200406437895
1428,4,3,2.189200406437895
1429,4,3,2.189200406437895
1430,4,3,2.189200406437895
1431,4,3,2.189200406437895
1432,4,3,2.189200406437895
1433,4,3,2.189200406437895
1434,4,3,2.189200406437895
1435,4,3,2.189200406437895
1436,4,3,2.189200406437895
1437,4,3,2.189200406437895
1438,4,3,2.189200406437895
1439,4,3,2.189200406437895
1440,4,3,2.189200406437895
1441,4,3,2.189200406437895
1442,4,3,2.189200406437895
1443,4,3,2.189200406437895
1444,4,3,2.189200406437895
1445,4,3,2.189200406437895
1446,4,3,2.189200406437895
1447,4,3,2.189200406437895
1448,4,3,2.189200406437895
1449,4,3,2.189200406437895
1450,4,3,2.189200406437895
1451,4,3,2.189200406437895
1452,4,3,2.189200406437895
1453,4,3,2.189200406437895
1454,4,3,2.189200406437895
1455,4,3,2.189200406437895
1456,4,3,2.189200406437895
1457,4,3,2.189200406437895
1458,1,3,2.302132105420757
1459,1,3,2.302132105420757
1460,1,3,2.302132105420757
1461,1,3,2.302132105420757
1462,1,3,2.302132105420757
1463,2,3,2.302132105420757
1464,1,3,2.302132105420757
1465,2,3,2.302132105420757
1466,1,3,2.302132105420757
1467,2,5,2.139628025744607
1468,4,5,2.139628025744607
1469,4,5,2.139628025744607
1470,4,3,2.26236008569554
1471,4,3,2.26236008569554
1472,4,3,2.224258921672912
1473,4,3,2.224258921672912
1474,1,3,2.0243293380574685
1475,4,3,2.823586399207326
1476,1,3,1.861408700457307
1477,1,3,1.861408700457307
1478,1,5,2.9264661259493323
1479,4,5,2.9264661259493323
1480,5,5,2.9264661259493323
1481,5,5,2.9264661259493323
1482,5,5,2.9264661259493323
1483,5,5,2.9264661259493323
1484,5,5,2.9264661259493323
1485,5,5,2.9264661259493323
1486,5,5,2.9264661259493323
1487,5,5,2.9264661259493323
1488,5,5,2.9264661259493323
1489,4,5,2.9264661259493323
1490,4,3,1.9623342685122553
1491,5,5,3.8060692861813474
1492,5,5,3.7967408074993574
1493,5,5,3.7967408074993574
1494,5,5,3.7967408074993574
1495,3,5,3.7967408074993574
1496,5,5,3.7967408074993574
1497,5,5,3.7247486063476694
1498,5,5,3.7247486063476694
1499,5,5,3.7247486063476694
1500,5,5,3.7247486063476694
1501,5,5,3.7247486063476694
1502,5,5,3.7247486063476694
1503,5,5,3.7247486063476694
1504,5,5,3.7247486063476694
1505,5,5,3.7247486063476694
1506,5,5,3.7247486063476694
1507,5,1,1.7349445219443071
1508,1,5,3.7969006057827013
1509,5,5,3.7969006057827013
1510,2,5,3.971658443873776
1511,2,5,3.9739410390786887
1512,4,1,1.6397895662213866
1513,4,1,1.6397895662213866
1514,4,5,2.1866441703418937
1515,5,5,3.9774220094120345
1516,5,5,3.9774220094120345
1517,5,5,3.9774220094120345
1518,5,3,2.2287166687735103
1519,5,3,2.2287166687735103
1520,5,3,2.2287166687735103
1521,5,3,2.2618301515699377
1522,5,3,2.2618301515699377
1523,5,5,3.9979509042565526
1524,1,3,2.1990626203365995
1525,4,3,2.1990626203365995
1526,5,5,3.9979509042565526
1527,4,3,2.1990626203365995
1528,4,3,1.8695292103119165
1529,3,3,1.8695292103119165
1530,5,5,3.4205185659165283
1531,5,5,3.4205185659165283
1532,1,3,2.25666809763406
1533,1,3,2.2405640651607217
1534,4,3,2.2405640651607217
1535,5,5,3.2824483134929388
1536,5,5,3.2824483134929388
1537,5,5,3.2824483134929388
1538,4,5,2.8698349440999507
1539,4,3,2.2286873935744755
1540,4,3,2.2286873935744755
1541,4,1,1.6392193128793797
1542,5,3,2.1771766619250594
1543,3,1,1.6466697228433471
1544,3,3,2.1771766619250594
1545,4,3,2.225726755484822
1546,2,3,2.225726755484822
1547,2,3,2.225726755484822
1548,2,3,2.225726755484822
1549,2,5,2.5288204692131244
1550,2,5,2.5288204692131244
1551,4,3,1.7015021387165479
1552,4,3,1.7015021387165479
1553,4,3,1.7015021387165479
1554,4,3,1.7015021387165479
1555,4,3,1.7201976240805394
1556,3,3,1.7201976240805394
1557,3,3,1.7201976240805394
1558,3,1,1.7336027058585126
1559,4,3,2.2056096895386434
1560,4,3,2.2056096895386434
1561,1,3,2.0076854497499474
1562,1,3,2.0076854497499474
1563,4,3,2.3965663274187747
1564,4,3,2.3965663274187747
1565,4,3,2.3965663274187747
1566,2,3,2.268991089661098
1567,3,3,2.268991089661098
1568,1,3,2.1032266198649294
1569,1,3,2.1032266198649294
1570,1,3,2.1032266198649294
1571,4,3,2.464650275433681
1572,3,3,2.464650275433681
1573,5,3,2.464650275433681
1574,1,3,2.464650275433681
1575,4,3,2.464650275433681
1576,2,3,2.2647394718107865
1577,3,3,2.2647394718107865
1578,3,3,2.2647394718107865
1579,3,3,2.2647394718107865
1580,3,3,2.2647394718107865
1581,3,3,2.2647394718107865
1582,3,3,2.2647394718107865
1583,3,3,2.2647394718107865
1584,3,3,2.2647394718107865
1585,4,3,2.2647394718107865
1586,3,3,2.2647394718107865
1587,3,3,2.219231639085511
1588,4,3,2.219231639085511
1589,4,3,2.219231639085511
1590,5,3,2.219231639085511
1591,5,3,2.219231639085511
1592,5,3,2.219231639085511
1593,5,3,2.219231639085511
1594,5,3,2.219231639085511
1595,5,3,2.219231639085511
1596,5,3,2.219231639085511
1597,5,3,2.219231639085511
1598,5,3,2.219231639085511
1599,5,3,2.219231639085511
1600,4,3,2.219231639085511
1601,4,3,2.573380522718894
1602,4,3,2.573380522718894
1603,4,3,2.573380522718894
1604,4,3,2.573380522718894
1605,4,3,2.573380522718894
1606,4,3,2.573380522718894
1607,4,3,2.573380522718894
1608,4,3,2.573380522718894
1609,4,3,2.573380522718894
1610,4,3,2.573380522718894
1611,4,3,2.251277757644773
1612,5,3,2.251277757644773
1613,3,3,2.251277757644773
1614,3,3,2.545635911914199
1615,3,3,2.545635911914199
1616,3,3,2.545635911914199
1617,3,3,2.545635911914199
1618,3,3,2.545635911914199
1619,4,3,3.0465715876685233
1620,3,3,3.0465715876685233
1621,3,3,3.0465715876685233
1622,3,3,3.0465715876685233
1623,3,3,2.0244797382199105
1624,4,3,2.0244797382199105
1625,3,3,2.0244797382199105
1626,4,3,2.0244797382199105
1627,4,3,2.0244797382199105
1628,4,3,2.0244797382199105
1629,4,3,2.0244797382199105
1630,4,3,2.6226587439860976
1631,4,3,2.6226587439860976
1632,5,3,2.6226587439860976
1633,1,3,2.0688259803353737
1634,1,3,2.0688259803353737
1635,1,3,2.0688259803353737
1636,1,3,2.0688259803353737
1637,1,3,2.0688259803353737
1638,1,3,2.0688259803353737
1639,1,3,2.0688259803353737
1640,1,3,2.0688259803353737
1641,1,3,2.0688259803353737
1642,1,3,2.1666643677321074
1643,1,3,2.1666643677321074
1644,2,3,2.1666643677321074
1645,2,3,2.1666643677321074
1646,3,3,2.1666643677321074
1647,3,3,2.1666643677321074
1648,4,3,2.1666643677321074
1649,3,3,2.1666643677321074
1650,3,3,2.1666643677321074
1651,3,3,2.1666643677321074
1652,3,3,2.1666643677321074
1653,3,3,2.1666643677321074
1654,3,3,2.1666643677321074
1655,3,3,2.1666643677321074
1656,3,3,2.1666643677321074
1657,3,3,2.1666643677321074
1658,3,3,1.994875264298281
1659,3,3,1.994875264298281
1660,3,3,1.994875264298281
1661,3,3,1.994875264298281
1662,2,3,1.994875264298281
1663,2,3,1.994875264298281
1664,2,3,1.994875264298281
1665,3,3,1.994875264298281
1666,2,3,1.994875264298281
1667,2,3,1.994875264298281
1668,2,3,1.994875264298281
1669,2,3,1.994875264298281
1670,2,3,1.994875264298281
1671,2,3,1.994875264298281
1672,2,3,1.994875264298281
1673,2,3,2.4836883814233164
1674,4,3,2.4836883814233164
1675,4,3,2.4836883814233164
1676,4,3,2.4836883814233164
1677,3,3,2.4836883814233164
1678,4,3,2.4836883814233164
1679,4,2,2.003464895768363
1680,1,2,2.003464895768363
1681,1,2,2.003464895768363
1682,1,2,2.003464895768363
1683,1,2,2.003464895768363
1684,1,2,2.003464895768363
1685,1,2,2.003464895768363
1686,1,2,2.003464895768363
1687,1,2,2.003464895768363
1688,1,2,2.003464895768363
1689,1,1,1.8361712441845477
1690,1,1,1.8361712441845477
1691,1,1,1.8361712441845477
1692,1,1,1.8361712441845477
1693,1,1,1.8361712441845477
1694,1,1,1.8361712441845477
1695,1,1,1.8361712441845477
1696,1,3,2.651234062699909
1697,2,3,2.651234062699909
1698,1,3,1.7380114518638579
1699,1,3,1.7380114518638579
1700,1,3,1.7380114518638579
1701,1,3,1.7380114518638579
1702,4,3,2.63189372420351
1703,3,3,2.63189372420351
1704,4,3,2.63189372420351
1705,3,3,2.63189372420351
1706,4,3,2.63189372420351
1707,3,3,2.63189372420351
1708,3,3,2.63189372420351
1709,4,3,2.63189372420351
1710,4,3,2.63189372420351
1711,4,3,2.63189372420351
1712,4,3,2.63189372420351
1713,4,3,2.63189372420351
1714,4,3,2.63189372420351
1715,4,3,2.4467920092740814
1716,4,3,2.4467920092740814
1717,3,3,2.4467920092740814
1718,4,3,2.4467920092740814
1719,4,3,2.4467920092740814
1720,4,3,2.4467920092740814
1721,4,3,2.4467920092740814
1722,4,3,2.4467920092740814
1723,4,3,2.4467920092740814
1724,4,3,2.4467920092740814
1725,4,3,2.4467920092740814
1726,3,3,2.4467920092740814
1727,4,3,2.4467920092740814
1728,3,3,2.4467920092740814
1729,4,3,2.013474912961723
1730,4,3,2.013474912961723
1731,4,3,2.013474912961723
1732,4,3,2.013474912961723
1733,4,3,2.013474912961723
1734,4,3,2.013474912961723
1735,3,3,2.013474912961723
1736,4,3,2.013474912961723
1737,3,3,2.013474912961723
1738,4,3,2.013474912961723
1739,4,3,1.9808925022033328
1740,4,3,1.9808925022033328
1741,4,3,2.1328326662051618
1742,4,3,2.1328326662051618
1743,4,3,2.1328326662051618
1744,4,3,2.1328326662051618
1745,4,3,2.1328326662051618
1746,4,3,2.1328326662051618
1747,4,3,2.1328326662051618
1748,3,3,2.1328326662051618
1749,4,3,2.1328326662051618
1750,3,3,2.1328326662051618
1751,4,3,2.1328326662051618
1752,4,3,2.1328326662051618
1753,4,3,2.1328326662051618
1754,4,3,2.1328326662051618
1755,4,3,2.1328326662051618
1756,4,3,2.1328326662051618
1757,4,3,2.1328326662051618
1758,4,3,2.1328326662051618
1759,4,3,2.1328326662051618
1760,4,1,1.5893978850381787
1761,4,1,1.5893978850381787
1762,4,1,1.5893978850381787
1763,4,1,1.5893978850381787
1764,4,1,1.5893978850381787
1765,4,1,1.5893978850381787
1766,4,1,1.5893978850381787
1767,4,1,1.5893978850381787
1768,4,1,1.5893978850381787
1769,4,1,1.5893978850381787
1770,4,1,1.5893978850381787
1771,4,1,1.5893978850381787
1772,4,1,1.5893978850381787
1773,4,1,1.5893978850381787
1774,4,1,1.5893978850381787
1775,4,1,1.5893978850381787
1776,4,1,1.5893978850381787
1777,4,1,1.5893978850381787
1778,4,1,1.5893978850381787
1779,4,1,1.5893978850381787
1780,3,1,1.5893978850381787
1781,4,1,1.5893978850381787
1782,4,1,1.5893978850381787
1783,4,1,1.5893978850381787
1784,1,1,1.5893978850381787
1785,1,1,1.5893978850381787
1786,1,1,1.5893978850381787
1787,1,1,1.5893978850381787
1788,1,1,1.5409531361966458
1789,1,1,1.5409531361966458
1790,1,1,1.5409531361966458
1791,1,1,1.5409531361966458
1792,1,1,1.5409531361966458
1793,1,1,1.5409531361966458
1794,1,1,1.5409531361966458
1795,1,1,1.5422232738999602
1796,1,1,1.5422232738999602
1797,1,1,1.5422232738999602
1798,1,1,1.5422232738999602
1799,1,1,1.5422232738999602
1800,1,1,1.5422232738999602
1801,1,1,1.5422232738999602
1802,1,1,1.5422232738999602
1803,1,1,1.5422232738999602
1804,1,1,1.5422232738999602
1805,1,1,1.5422232738999602
1806,1,1,1.6149644283014546
1807,1,1,1.6149644283014546
1808,1,1,1.6149644283014546
1809,1,1,1.6149644283014546
1810,1,1,1.6149644283014546
1811,1,1,1.6149644283014546
1812,1,1,1.6149644283014546
1813,1,1,1.6149644283014546
1814,1,1,1.6116996272597426
1815,1,1,1.6116996272597426
1816,1,1,1.6116996272597426
1817,1,1,1.6116996272597426
1818,1,1,1.6116996272597426
1819,1,1,1.6116996272597426
1820,1,1,1.6116996272597426
1821,1,1,1.611095037923372
1822,1,1,1.611095037923372
1823,1,1,1.611095037923372
1824,2,1,1.611095037923372
1825,1,1,1.611095037923372
1826,1,1,1.611095037923372
1827,5,5,3.2053886058774332
1828,5,5,3.2053886058774332
1829,4,5,2.9689174921670767
1830,4,5,3.638929364253241
1831,4,5,3.381097559638271
1832,2,5,3.381097559638271
1833,4,3,1.9529441203399593
1834,3,3,1.9529441203399593
1835,3,3,2.2161950882451746
1836,1,3,2.2161950882451746
1837,3,3,1.8331894334583425
1838,3,3,1.8331894334583425
1839,2,3,1.9449861497609253
1840,1,3,1.9449861497609253
1841,2,3,1.96022715668058
1842,2,3,1.96022715668058
1843,2,3,2.065301690232367
1844,2,3,2.1731060048596618
1845,4,1,1.6043187955663505
1846,4,1,1.6043187955663505
1847,4,1,1.6043187955663505
1848,4,1,1.6043187955663505
1849,4,3,2.1302697321068584
1850,4,3,2.1302697321068584
1851,4,1,1.5826136104333774
1852,4,1,1.5826136104333774
1853,4,3,1.978423716093493
1854,2,3,1.978423716093493
1855,2,2,1.903661693837658
1856,1,5,2.590051720901129
1857,1,5,2.268999800532231
1858,1,5,2.268999800532231
1859,2,5,2.268999800532231
1860,1,5,2.268999800532231
1861,2,5,2.268999800532231
1862,2,5,2.268999800532231
1863,4,3,1.957792501983742
1864,4,3,1.9148337725195153
1865,5,5,3.994670949892
1866,5,5,3.994670949892
1867,5,5,3.364087015847271
1868,5,5,3.7214883150616225
1869,4,5,3.7214883150616225
1870,5,5,4.003394054630257
1871,5,5,4.003394054630257
1872,5,5,4.003394054630257
1873,5,5,4.003394054630257
1874,4,5,4.003394054630257
1875,5,5,4.003394054630257
1876,5,5,4.003394054630257
1877,5,5,4.003394054630257
1878,5,5,4.003394054630257
1879,5,5,4.003394054630257
1880,5,5,4.003394054630257
1881,5,5,3.934574117119761
1882,4,5,3.934574117119761
1883,5,5,3.934574117119761
1884,5,5,3.934574117119761
1885,5,5,3.934574117119761
1886,5,5,3.934574117119761
1887,5,5,2.627441610309132
1888,4,5,2.627441610309132
1889,4,5,2.627441610309132
1890,4,3,2.463482964345845
1891,5,1,1.6121824491955743
1892,4,3,2.0026370301409533
1893,5,5,3.8321923816003354
1894,5,5,3.8321923816003354
1895,4,1,2.0233448285984226
1896,5,3,2.218430016512229
1897,5,5,3.6152893047047616
1898,5,5,3.6152893047047616
1899,4,3,2.570598755459243
1900,4,3,2.570598755459243
1901,4,3,1.8566238297045277
1902,3,3,1.9766313835929836
1903,3,3,1.9766313835929836
1904,2,3,1.9766313835929836
1905,1,1,1.7076492234895277
1906,4,1,1.7076492234895277
1907,4,1,1.7076492234895277
1908,4,5,3.4934378746782224
1909,5,5,3.4934378746782224
1910,5,5,3.4934378746782224
1911,5,5,3.4934378746782224
1912,5,5,3.4934378746782224
1913,5,5,3.4934378746782224
1914,5,5,3.4934378746782224
1915,5,5,3.4934378746782224
1916,5,5,3.4934378746782224
1917,5,5,3.4934378746782224
1918,5,3,2.837857960425614
1919,5,3,2.837857960425614
1920,5,3,2.837857960425614
1921,5,3,2.837857960425614
1922,2,3,2.271484606125366
1923,4,3,2.271484606125366
1924,4,3,2.271484606125366
1925,4,3,2.271484606125366
1926,5,3,2.3515467670898462
1927,5,3,2.3515467670898462
1928,5,3,2.3515467670898462
1929,5,5,3.4054832652868354
1930,5,5,3.4054832652868354
1931,5,5,3.4054832652868354
1932,5,5,3.702069715973723
1933,5,5,3.702069715973723
1934,4,3,3.20128190818538
1935,5,3,3.20128190818538
1936,5,5,2.4138082214310477
1937,3,3,2.5592476237340347
1938,3,3,2.5592476237340347
1939,3,3,2.5592476237340347
1940,5,5,3.3104511048219916
1941,5,5,3.3104511048219916
1942,5,5,3.3104511048219916
1943,5,5,3.3104511048219916
1944,5,5,3.3104511048219916
1945,5,5,3.3104511048219916
1946,5,5,3.4452685060947434
1947,5,5,3.4452685060947434
1948,5,5,3.4452685060947434
1949,5,5,3.4452685060947434
1950,5,5,3.4452685060947434
1951,5,5,3.4452685060947434
1952,5,5,3.4452685060947434
1953,5,5,3.4452685060947434
1954,1,5,3.4230118339345212
1955,1,5,3.4230118339345212
1956,5,5,3.4230118339345212
1957,5,5,3.4230118339345212
1958,4,5,3.4230118339345212
1959,4,5,3.4230118339345212
1960,4,5,3.4230118339345212
1961,4,5,3.4230118339345212
1962,4,5,3.4230118339345212
1963,5,5,3.4230118339345212
1964,4,5,3.4230118339345212
1965,4,5,3.4230118339345212
1966,4,5,3.4230118339345212
1967,4,5,3.4230118339345212
1968,4,5,3.4230118339345212
1969,4,3,2.595254831322367
1970,1,3,2.595254831322367
1971,2,3,2.595254831322367
1972,1,3,2.595254831322367
1973,1,3,2.595254831322367
1974,1,3,2.595254831322367
1975,1,3,2.595254831322367
1976,5,3,2.595254831322367
1977,4,5,3.5648366447360558
1978,4,5,3.5648366447360558
1979,4,5,3.5648366447360558
1980,4,5,3.5648366447360558
1981,4,5,3.5648366447360558
1982,4,5,3.5648366447360558
1983,4,5,3.5648366447360558
1984,4,5,3.5648366447360558
1985,5,3,1.9678887285338793
1986,4,3,1.9678887285338793
1987,4,3,1.9678887285338793
1988,4,3,1.9678887285338793
1989,4,5,3.377914936368252
1990,4,5,3.440952559608101
1991,2,5,3.440952559608101
1992,3,5,3.440952559608101
1993,3,5,3.440952559608101
1994,3,5,3.440952559608101
1995,1,5,3.440952559608101
1996,3,5,3.440952559608101
1997,3,5,3.440952559608101
1998,3,5,3.440952559608101
1999,5,5,3.440952559608101
2000,4,3,2.0224782270649104
2001,4,3,2.0224782270649104
2002,3,3,2.0224782270649104
2003,5,5,3.4096960238322978
2004,4,3,2.2888526278407513
2005,4,3,2.2888526278407513
2006,4,3,2.2888526278407513
2007,4,3,2.2888526278407513
2008,4,3,2.2888526278407513
2009,4,3,2.2101389235540574
2010,4,3,2.2101389235540574
2011,4,1,1.6428910247271986
2012,4,1,1.6428910247271986
2013,4,1,1.6428910247271986
2014,4,1,1.6428910247271986
2015,4,1,1.6428910247271986
2016,4,1,1.6428910247271986
2017,4,1,1.6428910247271986
2018,4,1,1.6428910247271986
2019,4,1,1.6428910247271986
2020,4,1,1.6428910247271986
2021,4,1,1.6428910247271986
2022,4,1,1.6428910247271986
2023,3,1,1.6428910247271986
2024,3,1,1.6428910247271986
2025,3,1,1.6428910247271986
2026,4,1,1.6428910247271986
2027,2,1,1.6428910247271986
2028,2,1,1.6428910247271986
2029,4,1,1.6428910247271986
2030,3,1,1.6428910247271986
2031,1,1,1.6428910247271986
2032,1,1,1.6428910247271986
2033,1,1,1.6428910247271986
2034,1,1,1.6428910247271986
2035,1,1,1.6428910247271986
2036,1,1,1.6428910247271986
2037,1,1,1.6428910247271986
2038,1,1,1.6428910247271986
2039,1,1,1.6428910247271986
2040,1,1,1.6428910247271986
2041,1,1,1.6428910247271986
2042,1,1,1.6428910247271986
2043,1,1,1.6428910247271986
2044,1,1,1.6428910247271986
2045,1,1,1.6428910247271986
2046,1,1,1.6428910247271986
2047,5,5,3.205369732369914
2048,5,5,3.205369732369914
2049,5,1,1.8278446401202926
2050,5,1,1.8278446401202926
2051,5,1,1.8278446401202926
2052,5,1,1.8278446401202926
2053,5,1,1.8278446401202926
2054,5,1,1.8278446401202926
2055,4,1,1.8278446401202926
2056,4,5,2.778402840277984
2057,5,5,2.778402840277984
2058,5,5,2.778402840277984
2059,5,5,2.778402840277984
2060,5,5,3.33216813316131
2061,5,5,3.33216813316131
2062,5,3,2.9645816580537856
2063,5,3,2.9645816580537856
2064,5,3,2.9645816580537856
2065,5,3,2.9645816580537856
2066,5,3,2.9645816580537856
2067,4,3,2.9645816580537856
2068,4,3,2.9645816580537856
2069,1,3,2.178477048348748
2070,2,3,2.178477048348748
2071,2,3,2.178477048348748
2072,2,3,2.135683902656709
2073,2,3,2.135683902656709
2074,2,3,2.135683902656709
2075,2,3,2.164024962255564
2076,2,3,2.164024962255564
2077,2,3,2.164024962255564
2078,2,3,2.1586388567659025
2079,2,3,2.1791235378774254
2080,2,3,1.8561956148111938
2081,3,3,1.8561956148111938
2082,3,3,1.8561956148111938
2083,1,3,2.4929237396669928
2084,5,5,3.925198400999675
2085,3,1,2.186824407027784
2086,3,1,2.186824407027784
2087,3,1,2.186824407027784
2088,1,5,3.19952029213389
2089,5,3,2.9493250424155213
