FB Mos 1 vs ITU_QoE,ITU_QoE_Class_1,FB MoS 2 vs IUT_QoE,IUT_QoE_Class_2,FB MoS 3 vs ITU_QoE,ITU_QoE_Class_3,FB MoS 4 vs ITU_QoE,ITU_QoE_Class_4,FB MoS 5 vs ITU_QoE,ITU_QoE_Class_5
1.540953136,1.540953136,1.611095038,1.611095038,1.589397885,1.589397885,1.58261361,1.58261361,1.612182449,1.612182449
1.540953136,1.540953136,1.632302178,1.632302178,1.632302178,1.632302178,1.58261361,1.58261361,1.639803909,1.639803909
1.540953136,1.540953136,1.632302178,1.632302178,1.639803909,1.639803909,1.589397885,1.589397885,1.642891025,1.642891025
1.540953136,1.540953136,1.639788992,1.639788992,1.642891025,1.642891025,1.589397885,1.589397885,1.642891025,1.642891025
1.540953136,1.540953136,1.639788992,1.639788992,1.642891025,1.642891025,1.589397885,1.589397885,1.642891025,1.642891025
1.540953136,1.540953136,1.639788992,1.639788992,1.642891025,1.642891025,1.589397885,1.589397885,1.662368772,1.662368772
1.540953136,1.540953136,1.639788992,1.639788992,1.642891025,1.642891025,1.589397885,1.589397885,1.662368772,1.662368772
1.542223274,1.542223274,1.639788992,1.639788992,1.642891025,1.642891025,1.589397885,1.589397885,1.662368772,1.662368772
1.542223274,1.542223274,1.642891025,1.642891025,1.642891025,1.642891025,1.589397885,1.589397885,1.708173793,1.708173793
1.542223274,1.542223274,1.642891025,1.642891025,1.642891025,1.642891025,1.589397885,1.589397885,1.720612474,1.720612474
1.542223274,1.542223274,1.642891025,1.642891025,1.646669723,1.646669723,1.589397885,1.589397885,1.720612474,1.720612474
1.542223274,1.542223274,1.687825629,1.687825629,1.676908294,1.676908294,1.589397885,1.589397885,1.720612474,1.720612474
1.542223274,1.542223274,1.687825629,1.687825629,1.707788774,1.707788774,1.589397885,1.589397885,1.720612474,1.720612474
1.542223274,1.542223274,1.687825629,1.687825629,1.707788774,1.707788774,1.589397885,1.589397885,1.720612474,1.720612474
1.542223274,1.542223274,1.694047644,1.694047644,1.707788774,1.707788774,1.589397885,1.589397885,1.720612474,1.720612474
1.542223274,1.542223274,1.694047644,1.694047644,1.707788774,1.707788774,1.589397885,1.589397885,1.720612474,1.720612474
1.542223274,1.542223274,1.694047644,1.694047644,1.707788774,1.707788774,1.589397885,1.589397885,1.720612474,1.720612474
1.542223274,1.542223274,1.694047644,1.694047644,1.707788774,1.707788774,1.589397885,1.589397885,1.720612474,1.720612474
1.589397885,1.589397885,1.694047644,1.694047644,1.707788774,1.707788774,1.589397885,1.589397885,1.720612474,1.720612474
1.589397885,1.589397885,1.694047644,1.694047644,1.707788774,1.707788774,1.589397885,1.589397885,1.727299599,1.727299599
1.589397885,1.589397885,1.694047644,1.694047644,1.707788774,1.707788774,1.589397885,1.589397885,1.727299599,1.727299599
1.589397885,1.589397885,1.694047644,1.694047644,1.707788774,1.707788774,1.589397885,1.589397885,1.727299599,1.727299599
1.611095038,1.611095038,1.708173793,1.708173793,1.707788774,1.707788774,1.589397885,1.589397885,1.727299599,1.727299599
1.611095038,1.611095038,1.747765409,1.747765409,1.707788774,1.707788774,1.589397885,1.589397885,1.727299599,1.727299599
1.611095038,1.611095038,1.747765409,1.747765409,1.707788774,1.707788774,1.589397885,1.589397885,1.727299599,1.727299599
1.611095038,1.611095038,1.747765409,1.747765409,1.707788774,1.707788774,1.604318796,1.604318796,1.727299599,1.727299599
1.611095038,1.611095038,1.750701746,1.750701746,1.707788774,1.707788774,1.604318796,1.604318796,1.727299599,1.727299599
1.611699627,1.611699627,1.855723291,1.855723291,1.707788774,1.707788774,1.604318796,1.604318796,1.727299599,1.727299599
1.611699627,1.611699627,1.856195615,1.856195615,1.720197624,1.720197624,1.604318796,1.604318796,1.727299599,1.727299599
1.611699627,1.611699627,1.903661694,1.903661694,1.720197624,1.720197624,1.638432819,1.638432819,1.727299599,1.727299599
1.611699627,1.611699627,1.906695973,1.906695973,1.732017993,1.732017993,1.638432819,1.638432819,1.727299599,1.727299599
1.611699627,1.611699627,1.906695973,1.906695973,1.732017993,1.732017993,1.638432819,1.638432819,1.727299599,1.727299599
1.611699627,1.611699627,1.94498615,1.94498615,1.733602706,1.733602706,1.638432819,1.638432819,1.727299599,1.727299599
1.611699627,1.611699627,1.953763751,1.953763751,1.742461457,1.742461457,1.638432819,1.638432819,1.727299599,1.727299599
1.614964428,1.614964428,1.960227157,1.960227157,1.833189433,1.833189433,1.639219313,1.639219313,1.727299599,1.727299599
1.614964428,1.614964428,1.960227157,1.960227157,1.833189433,1.833189433,1.639373082,1.639373082,1.727299599,1.727299599
1.614964428,1.614964428,1.976631384,1.976631384,1.850737741,1.850737741,1.639373082,1.639373082,1.727299599,1.727299599
1.614964428,1.614964428,1.978423716,1.978423716,1.856195615,1.856195615,1.639373082,1.639373082,1.727299599,1.727299599
1.614964428,1.614964428,1.986363601,1.986363601,1.856195615,1.856195615,1.639789566,1.639789566,1.731418392,1.731418392
1.614964428,1.614964428,1.986363601,1.986363601,1.869230827,1.869230827,1.639789566,1.639789566,1.734944522,1.734944522
1.614964428,1.614964428,1.986363601,1.986363601,1.869230827,1.869230827,1.642891025,1.642891025,1.741964494,1.741964494
1.614964428,1.614964428,1.986363601,1.986363601,1.869230827,1.869230827,1.642891025,1.642891025,1.741964494,1.741964494
1.632302178,1.632302178,1.986363601,1.986363601,1.869230827,1.869230827,1.642891025,1.642891025,1.773238568,1.773238568
1.639788992,1.639788992,1.986363601,1.986363601,1.86952921,1.86952921,1.642891025,1.642891025,1.773238568,1.773238568
1.639788992,1.639788992,1.986363601,1.986363601,1.931346464,1.931346464,1.642891025,1.642891025,1.773238568,1.773238568
1.639803909,1.639803909,1.986363601,1.986363601,1.931346464,1.931346464,1.642891025,1.642891025,1.773238568,1.773238568
1.639803909,1.639803909,1.986363601,1.986363601,1.931346464,1.931346464,1.642891025,1.642891025,1.773238568,1.773238568
1.639803909,1.639803909,1.986363601,1.986363601,1.935363808,1.935363808,1.642891025,1.642891025,1.773238568,1.773238568
1.639803909,1.639803909,1.986363601,1.986363601,1.938650915,1.938650915,1.642891025,1.642891025,1.781238165,1.781238165
1.642891025,1.642891025,1.994875264,1.994875264,1.938650915,1.938650915,1.642891025,1.642891025,1.781238165,1.781238165
1.642891025,1.642891025,1.994875264,1.994875264,1.942579449,1.942579449,1.642891025,1.642891025,1.781238165,1.781238165
1.642891025,1.642891025,1.994875264,1.994875264,1.95294412,1.95294412,1.642891025,1.642891025,1.815826268,1.815826268
1.642891025,1.642891025,1.994875264,1.994875264,1.956109894,1.956109894,1.642891025,1.642891025,1.815826268,1.815826268
1.642891025,1.642891025,1.994875264,1.994875264,1.956109894,1.956109894,1.642891025,1.642891025,1.815826268,1.815826268
1.642891025,1.642891025,1.994875264,1.994875264,1.956109894,1.956109894,1.642891025,1.642891025,1.815826268,1.815826268
1.642891025,1.642891025,1.994875264,1.994875264,1.956109894,1.956109894,1.642891025,1.642891025,1.815826268,1.815826268
1.642891025,1.642891025,1.994875264,1.994875264,1.956109894,1.956109894,1.642891025,1.642891025,1.82784464,1.82784464
1.642891025,1.642891025,1.994875264,1.994875264,1.956109894,1.956109894,1.642891025,1.642891025,1.82784464,1.82784464
1.642891025,1.642891025,1.994875264,1.994875264,1.956109894,1.956109894,1.642891025,1.642891025,1.82784464,1.82784464
1.642891025,1.642891025,2.06530169,2.06530169,1.956109894,1.956109894,1.650223569,1.650223569,1.82784464,1.82784464
1.642891025,1.642891025,2.088446848,2.088446848,1.956109894,1.956109894,1.676908294,1.676908294,1.82784464,1.82784464
1.642891025,1.642891025,2.115442175,2.115442175,1.970023759,1.970023759,1.676908294,1.676908294,1.82784464,1.82784464
1.642891025,1.642891025,2.115442175,2.115442175,1.976631384,1.976631384,1.701502139,1.701502139,1.872248976,1.872248976
1.642891025,1.642891025,2.115442175,2.115442175,1.976631384,1.976631384,1.701502139,1.701502139,1.872248976,1.872248976
1.642891025,1.642891025,2.115442175,2.115442175,1.994875264,1.994875264,1.701502139,1.701502139,1.872248976,1.872248976
1.650223569,1.650223569,2.115442175,2.115442175,1.994875264,1.994875264,1.701502139,1.701502139,1.872248976,1.872248976
1.650223569,1.650223569,2.115442175,2.115442175,1.994875264,1.994875264,1.707649223,1.707649223,1.872248976,1.872248976
1.650223569,1.650223569,2.115442175,2.115442175,1.994875264,1.994875264,1.707649223,1.707649223,1.876509705,1.876509705
1.65706255,1.65706255,2.135683903,2.135683903,1.994875264,1.994875264,1.707788774,1.707788774,1.876509705,1.876509705
1.65706255,1.65706255,2.135683903,2.135683903,2.013474913,2.013474913,1.708173793,1.708173793,1.876509705,1.876509705
1.687825629,1.687825629,2.135683903,2.135683903,2.013474913,2.013474913,1.708173793,1.708173793,1.876509705,1.876509705
1.687825629,1.687825629,2.139628026,2.139628026,2.022478227,2.022478227,1.708173793,1.708173793,1.876509705,1.876509705
1.687825629,1.687825629,2.158638857,2.158638857,2.024479738,2.024479738,1.720197624,1.720197624,1.876509705,1.876509705
1.687825629,1.687825629,2.164024962,2.164024962,2.024479738,2.024479738,1.722046416,1.722046416,1.876509705,1.876509705
1.687825629,1.687825629,2.164024962,2.164024962,2.107152878,2.107152878,1.722046416,1.722046416,1.876509705,1.876509705
1.687825629,1.687825629,2.164024962,2.164024962,2.107152878,2.107152878,1.722046416,1.722046416,1.876509705,1.876509705
1.694047644,1.694047644,2.166664368,2.166664368,2.132747002,2.132747002,1.722046416,1.722046416,1.876509705,1.876509705
1.694047644,1.694047644,2.166664368,2.166664368,2.132832666,2.132832666,1.722046416,1.722046416,1.876509705,1.876509705
1.694047644,1.694047644,2.173106005,2.173106005,2.132832666,2.132832666,1.722046416,1.722046416,1.881360384,1.881360384
1.694047644,1.694047644,2.178477048,2.178477048,2.166664368,2.166664368,1.727299599,1.727299599,1.881360384,1.881360384
1.706787318,1.706787318,2.178477048,2.178477048,2.166664368,2.166664368,1.727299599,1.727299599,1.881360384,1.881360384
1.706787318,1.706787318,2.179123538,2.179123538,2.166664368,2.166664368,1.729548698,1.729548698,1.881360384,1.881360384
1.706787318,1.706787318,2.205259989,2.205259989,2.166664368,2.166664368,1.729548698,1.729548698,1.881360384,1.881360384
1.706787318,1.706787318,2.205259989,2.205259989,2.166664368,2.166664368,1.731418392,1.731418392,1.918044208,1.918044208
1.706787318,1.706787318,2.205259989,2.205259989,2.166664368,2.166664368,1.731418392,1.731418392,1.918044208,1.918044208
1.707649223,1.707649223,2.205259989,2.205259989,2.166664368,2.166664368,1.731418392,1.731418392,1.947713287,1.947713287
1.712439489,1.712439489,2.205259989,2.205259989,2.166664368,2.166664368,1.732017993,1.732017993,1.947713287,1.947713287
1.712439489,1.712439489,2.205259989,2.205259989,2.166664368,2.166664368,1.732017993,1.732017993,1.947713287,1.947713287
1.712439489,1.712439489,2.205259989,2.205259989,2.166664368,2.166664368,1.742461457,1.742461457,1.947713287,1.947713287
1.712439489,1.712439489,2.205259989,2.205259989,2.166664368,2.166664368,1.742461457,1.742461457,1.953763751,1.953763751
1.712439489,1.712439489,2.205259989,2.205259989,2.177176662,2.177176662,1.742461457,1.742461457,1.953763751,1.953763751
1.712439489,1.712439489,2.205259989,2.205259989,2.178415514,2.178415514,1.742461457,1.742461457,1.953763751,1.953763751
1.712439489,1.712439489,2.205259989,2.205259989,2.183074347,2.183074347,1.742461457,1.742461457,1.967888729,1.967888729
1.712439489,1.712439489,2.205259989,2.205259989,2.186824407,2.186824407,1.742461457,1.742461457,1.969395029,1.969395029
1.712439489,1.712439489,2.205259989,2.205259989,2.186824407,2.186824407,1.742461457,1.742461457,1.973296425,1.973296425
1.712439489,1.712439489,2.205259989,2.205259989,2.186824407,2.186824407,1.749120434,1.749120434,1.984876517,1.984876517
1.712439489,1.712439489,2.205259989,2.205259989,2.189200406,2.189200406,1.749120434,1.749120434,2.005618939,2.005618939
1.732017993,1.732017993,2.205259989,2.205259989,2.189200406,2.189200406,1.749120434,1.749120434,2.005618939,2.005618939
1.738011452,1.738011452,2.205259989,2.205259989,2.201341794,2.201341794,1.749120434,1.749120434,2.019976475,2.019976475
1.738011452,1.738011452,2.207593162,2.207593162,2.203377301,2.203377301,1.749120434,1.749120434,2.026052869,2.026052869
1.738011452,1.738011452,2.207593162,2.207593162,2.207593162,2.207593162,1.749120434,1.749120434,2.026052869,2.026052869
1.738011452,1.738011452,2.207593162,2.207593162,2.207593162,2.207593162,1.766439049,1.766439049,2.026052869,2.026052869
1.741964494,1.741964494,2.221411587,2.221411587,2.207593162,2.207593162,1.781238165,1.781238165,2.026052869,2.026052869
1.741964494,1.741964494,2.221411587,2.221411587,2.207593162,2.207593162,1.815826268,1.815826268,2.026052869,2.026052869
1.741964494,1.741964494,2.225726755,2.225726755,2.207593162,2.207593162,1.815826268,1.815826268,2.032244489,2.032244489
1.741964494,1.741964494,2.225726755,2.225726755,2.207593162,2.207593162,1.815826268,1.815826268,2.032244489,2.032244489
1.741964494,1.741964494,2.225726755,2.225726755,2.207593162,2.207593162,1.817486456,1.817486456,2.046821343,2.046821343
1.747765409,1.747765409,2.230139702,2.230139702,2.207593162,2.207593162,1.817486456,1.817486456,2.046821343,2.046821343
1.747765409,1.747765409,2.230139702,2.230139702,2.207593162,2.207593162,1.82784464,1.82784464,2.054423077,2.054423077
1.747765409,1.747765409,2.230139702,2.230139702,2.207593162,2.207593162,1.85662383,1.85662383,2.054423077,2.054423077
1.747765409,1.747765409,2.230139702,2.230139702,2.216195088,2.216195088,1.869230827,1.869230827,2.054423077,2.054423077
1.747765409,1.747765409,2.264739472,2.264739472,2.219231639,2.219231639,1.869230827,1.869230827,2.054423077,2.054423077
1.747765409,1.747765409,2.266794512,2.266794512,2.221700044,2.221700044,1.869230827,1.869230827,2.054423077,2.054423077
1.750701746,1.750701746,2.266794512,2.266794512,2.225737792,2.225737792,1.869230827,1.869230827,2.054423077,2.054423077
1.750701746,1.750701746,2.26899109,2.26899109,2.225737792,2.225737792,1.869230827,1.869230827,2.054423077,2.054423077
1.750701746,1.750701746,2.268999801,2.268999801,2.225737792,2.225737792,1.869230827,1.869230827,2.069491175,2.069491175
1.836171244,1.836171244,2.268999801,2.268999801,2.225737792,2.225737792,1.869230827,1.869230827,2.069491175,2.069491175
1.836171244,1.836171244,2.268999801,2.268999801,2.225737792,2.225737792,1.869230827,1.869230827,2.069491175,2.069491175
1.836171244,1.836171244,2.271484606,2.271484606,2.225737792,2.225737792,1.869230827,1.869230827,2.069491175,2.069491175
1.836171244,1.836171244,2.273434053,2.273434053,2.230139702,2.230139702,1.869230827,1.869230827,2.069491175,2.069491175
1.836171244,1.836171244,2.302132105,2.302132105,2.234349123,2.234349123,1.869230827,1.869230827,2.069491175,2.069491175
1.836171244,1.836171244,2.302132105,2.302132105,2.251277758,2.251277758,1.869230827,1.869230827,2.069491175,2.069491175
1.836171244,1.836171244,2.370692867,2.370692867,2.264739472,2.264739472,1.86952921,1.86952921,2.069491175,2.069491175
1.850737741,1.850737741,2.370692867,2.370692867,2.264739472,2.264739472,1.871961093,1.871961093,2.069491175,2.069491175
1.8614087,1.8614087,2.370692867,2.370692867,2.264739472,2.264739472,1.871961093,1.871961093,2.107152878,2.107152878
1.8614087,1.8614087,2.370692867,2.370692867,2.264739472,2.264739472,1.871961093,1.871961093,2.107152878,2.107152878
1.900379563,1.900379563,2.370692867,2.370692867,2.264739472,2.264739472,1.872248976,1.872248976,2.107152878,2.107152878
1.900379563,1.900379563,2.370692867,2.370692867,2.264739472,2.264739472,1.872248976,1.872248976,2.10956717,2.10956717
1.900379563,1.900379563,2.435070212,2.435070212,2.264739472,2.264739472,1.876509705,1.876509705,2.10956717,2.10956717
1.900379563,1.900379563,2.435070212,2.435070212,2.264739472,2.264739472,1.876509705,1.876509705,2.177176662,2.177176662
1.900379563,1.900379563,2.482430011,2.482430011,2.264739472,2.264739472,1.876509705,1.876509705,2.207593162,2.207593162
1.906695973,1.906695973,2.483688381,2.483688381,2.266794512,2.266794512,1.887795797,1.887795797,2.207593162,2.207593162
1.906695973,1.906695973,2.525390251,2.525390251,2.266794512,2.266794512,1.887795797,1.887795797,2.209525566,2.209525566
1.906695973,1.906695973,2.528820469,2.528820469,2.266794512,2.266794512,1.887795797,1.887795797,2.218430017,2.218430017
1.906695973,1.906695973,2.528820469,2.528820469,2.266794512,2.266794512,1.887795797,1.887795797,2.219231639,2.219231639
1.906695973,1.906695973,2.595254831,2.595254831,2.266794512,2.266794512,1.887795797,1.887795797,2.219231639,2.219231639
1.942579449,1.942579449,2.614018829,2.614018829,2.266794512,2.266794512,1.887795797,1.887795797,2.219231639,2.219231639
1.94498615,1.94498615,2.651234063,2.651234063,2.266794512,2.266794512,1.906695973,1.906695973,2.219231639,2.219231639
1.953763751,1.953763751,2.667716471,2.667716471,2.266794512,2.266794512,1.914833773,1.914833773,2.219231639,2.219231639
1.953763751,1.953763751,2.723708426,2.723708426,2.266794512,2.266794512,1.931346464,1.931346464,2.219231639,2.219231639
1.953763751,1.953763751,2.725298656,2.725298656,2.266794512,2.266794512,1.931346464,1.931346464,2.219231639,2.219231639
1.953763751,1.953763751,2.725298656,2.725298656,2.266794512,2.266794512,1.935363808,1.935363808,2.219231639,2.219231639
1.973296425,1.973296425,2.798020207,2.798020207,2.26899109,2.26899109,1.935363808,1.935363808,2.219231639,2.219231639
2.003464896,2.003464896,2.818199854,2.818199854,2.302067702,2.302067702,1.935363808,1.935363808,2.219231639,2.219231639
2.003464896,2.003464896,2.818199854,2.818199854,2.347570818,2.347570818,1.935363808,1.935363808,2.221700044,2.221700044
2.003464896,2.003464896,3.292048056,3.292048056,2.370692867,2.370692867,1.935363808,1.935363808,2.228716669,2.228716669
2.003464896,2.003464896,3.29828734,3.29828734,2.370692867,2.370692867,1.935363808,1.935363808,2.228716669,2.228716669
2.003464896,2.003464896,3.377038127,3.377038127,2.374268885,2.374268885,1.936414916,1.936414916,2.228716669,2.228716669
2.003464896,2.003464896,3.38109756,3.38109756,2.413051887,2.413051887,1.936414916,1.936414916,2.24040555,2.24040555
2.003464896,2.003464896,3.424678756,3.424678756,2.413051887,2.413051887,1.936414916,1.936414916,2.24040555,2.24040555
2.003464896,2.003464896,3.44095256,3.44095256,2.413051887,2.413051887,1.938650915,1.938650915,2.24040555,2.24040555
2.003464896,2.003464896,3.557511335,3.557511335,2.415906072,2.415906072,1.938650915,1.938650915,2.24040555,2.24040555
2.00768545,2.00768545,3.557511335,3.557511335,2.446602547,2.446602547,1.938650915,1.938650915,2.24040555,2.24040555
2.00768545,2.00768545,3.557511335,3.557511335,2.446792009,2.446792009,1.938650915,1.938650915,2.24040555,2.24040555
2.017019526,2.017019526,3.712255389,3.712255389,2.446792009,2.446792009,1.942579449,1.942579449,2.251277758,2.251277758
2.017019526,2.017019526,3.712370386,3.712370386,2.446792009,2.446792009,1.942579449,1.942579449,2.261830152,2.261830152
2.017019526,2.017019526,3.93485184,3.93485184,2.464650275,2.464650275,1.942579449,1.942579449,2.261830152,2.261830152
2.017019526,2.017019526,3.971658444,3.971658444,2.483688381,2.483688381,1.942579449,1.942579449,2.316340894,2.316340894
2.017019526,2.017019526,3.973941039,3.973941039,2.493524797,2.493524797,1.942579449,1.942579449,2.316340894,2.316340894
2.017019526,2.017019526,4.275065616,4.275065616,2.504013425,2.504013425,1.942579449,1.942579449,2.316340894,2.316340894
2.017019526,2.017019526,4.278155794,4.278155794,2.50676919,2.50676919,1.942579449,1.942579449,2.316340894,2.316340894
2.017019526,2.017019526,,,2.50676919,2.50676919,1.947713287,1.947713287,2.316340894,2.316340894
2.017019526,2.017019526,,,2.533756982,2.533756982,1.947713287,1.947713287,2.316340894,2.316340894
2.017019526,2.017019526,,,2.533756982,2.533756982,1.947713287,1.947713287,2.316340894,2.316340894
2.017019526,2.017019526,,,2.533756982,2.533756982,1.947713287,1.947713287,2.316340894,2.316340894
2.017019526,2.017019526,,,2.533756982,2.533756982,1.947928555,1.947928555,2.316340894,2.316340894
2.017089174,2.017089174,,,2.533756982,2.533756982,1.95294412,1.95294412,2.316340894,2.316340894
2.017089174,2.017089174,,,2.536441684,2.536441684,1.953763751,1.953763751,2.316340894,2.316340894
2.017089174,2.017089174,,,2.536441684,2.536441684,1.953763751,1.953763751,2.316340894,2.316340894
2.024329338,2.024329338,,,2.545635912,2.545635912,1.953763751,1.953763751,2.316340894,2.316340894
2.06882598,2.06882598,,,2.545635912,2.545635912,1.953763751,1.953763751,2.316340894,2.316340894
2.06882598,2.06882598,,,2.545635912,2.545635912,1.957792502,1.957792502,2.316340894,2.316340894
2.06882598,2.06882598,,,2.545635912,2.545635912,1.962334269,1.962334269,2.316340894,2.316340894
2.06882598,2.06882598,,,2.545635912,2.545635912,1.967888729,1.967888729,2.351546767,2.351546767
2.06882598,2.06882598,,,2.55904716,2.55904716,1.967888729,1.967888729,2.351546767,2.351546767
2.06882598,2.06882598,,,2.559247624,2.559247624,1.967888729,1.967888729,2.351546767,2.351546767
2.06882598,2.06882598,,,2.559247624,2.559247624,1.969395029,1.969395029,2.370692867,2.370692867
2.06882598,2.06882598,,,2.559247624,2.559247624,1.969395029,1.969395029,2.413808221,2.413808221
2.06882598,2.06882598,,,2.583264355,2.583264355,1.969395029,1.969395029,2.435534323,2.435534323
2.10322662,2.10322662,,,2.631893724,2.631893724,1.969395029,1.969395029,2.435534323,2.435534323
2.10322662,2.10322662,,,2.631893724,2.631893724,1.969395029,1.969395029,2.435534323,2.435534323
2.10322662,2.10322662,,,2.631893724,2.631893724,1.969395029,1.969395029,2.435534323,2.435534323
2.166664368,2.166664368,,,2.631893724,2.631893724,1.969395029,1.969395029,2.435534323,2.435534323
2.166664368,2.166664368,,,2.655636658,2.655636658,1.969395029,1.969395029,2.435534323,2.435534323
2.176274001,2.176274001,,,2.655636658,2.655636658,1.969395029,1.969395029,2.435534323,2.435534323
2.176274001,2.176274001,,,2.725298656,2.725298656,1.970023759,1.970023759,2.435534323,2.435534323
2.176274001,2.176274001,,,2.725298656,2.725298656,1.973296425,1.973296425,2.441697279,2.441697279
2.178477048,2.178477048,,,2.725298656,2.725298656,1.973296425,1.973296425,2.464650275,2.464650275
2.190412935,2.190412935,,,2.756754375,2.756754375,1.973296425,1.973296425,2.472123273,2.472123273
2.190412935,2.190412935,,,2.756754375,2.756754375,1.973296425,1.973296425,2.484660307,2.484660307
2.190412935,2.190412935,,,2.756754375,2.756754375,1.973296425,1.973296425,2.484660307,2.484660307
2.190412935,2.190412935,,,2.958159166,2.958159166,1.973296425,1.973296425,2.484660307,2.484660307
2.190412935,2.190412935,,,3.046571588,3.046571588,1.973296425,1.973296425,2.484660307,2.484660307
2.190412935,2.190412935,,,3.046571588,3.046571588,1.973296425,1.973296425,2.484660307,2.484660307
2.190412935,2.190412935,,,3.046571588,3.046571588,1.978423716,1.978423716,2.484660307,2.484660307
2.190412935,2.190412935,,,3.128899667,3.128899667,1.980892502,1.980892502,2.484660307,2.484660307
2.190412935,2.190412935,,,3.128899667,3.128899667,1.980892502,1.980892502,2.486828346,2.486828346
2.190412935,2.190412935,,,3.131849432,3.131849432,1.997940903,1.997940903,2.486828346,2.486828346
2.19906262,2.19906262,,,3.216264183,3.216264183,1.997940903,1.997940903,2.493524797,2.493524797
2.205259989,2.205259989,,,3.216264183,3.216264183,1.997940903,1.997940903,2.493524797,2.493524797
2.205259989,2.205259989,,,3.231174984,3.231174984,1.997940903,1.997940903,2.517649163,2.517649163
2.20538326,2.20538326,,,3.231174984,3.231174984,1.997940903,1.997940903,2.517649163,2.517649163
2.20538326,2.20538326,,,3.319044623,3.319044623,1.997940903,1.997940903,2.517649163,2.517649163
2.20538326,2.20538326,,,3.377038127,3.377038127,1.997940903,1.997940903,2.517649163,2.517649163
2.20538326,2.20538326,,,3.430352529,3.430352529,1.997940903,1.997940903,2.519108638,2.519108638
2.20538326,2.20538326,,,3.430352529,3.430352529,1.997940903,1.997940903,2.519108638,2.519108638
2.20538326,2.20538326,,,3.430352529,3.430352529,1.997940903,1.997940903,2.519108638,2.519108638
2.216195088,2.216195088,,,3.44095256,3.44095256,1.997940903,1.997940903,2.519108638,2.519108638
2.240564065,2.240564065,,,3.44095256,3.44095256,2.00263703,2.00263703,2.519108638,2.519108638
2.256668098,2.256668098,,,3.44095256,3.44095256,2.003464896,2.003464896,2.519108638,2.519108638
2.268999801,2.268999801,,,3.44095256,3.44095256,2.004252372,2.004252372,2.519108638,2.519108638
2.268999801,2.268999801,,,3.44095256,3.44095256,2.005618939,2.005618939,2.519108638,2.519108638
2.268999801,2.268999801,,,3.44095256,3.44095256,2.013474913,2.013474913,2.519108638,2.519108638
2.300804345,2.300804345,,,3.485482256,3.485482256,2.013474913,2.013474913,2.519108638,2.519108638
2.300804345,2.300804345,,,3.500273858,3.500273858,2.013474913,2.013474913,2.519108638,2.519108638
2.300804345,2.300804345,,,3.508348955,3.508348955,2.013474913,2.013474913,2.519108638,2.519108638
2.300804345,2.300804345,,,3.557511335,3.557511335,2.013474913,2.013474913,2.519108638,2.519108638
2.300804345,2.300804345,,,3.557511335,3.557511335,2.013474913,2.013474913,2.519108638,2.519108638
2.302067702,2.302067702,,,3.557511335,3.557511335,2.013474913,2.013474913,2.519108638,2.519108638
2.302132105,2.302132105,,,3.796740807,3.796740807,2.013474913,2.013474913,2.519108638,2.519108638
2.302132105,2.302132105,,,3.825300055,3.825300055,2.017089174,2.017089174,2.519108638,2.519108638
2.302132105,2.302132105,,,3.825300055,3.825300055,2.022478227,2.022478227,2.519108638,2.519108638
2.302132105,2.302132105,,,3.8384925,3.8384925,2.022478227,2.022478227,2.519108638,2.519108638
2.302132105,2.302132105,,,3.93485184,3.93485184,2.023344829,2.023344829,2.519108638,2.519108638
2.302132105,2.302132105,,,3.942627292,3.942627292,2.024479738,2.024479738,2.533011769,2.533011769
2.302132105,2.302132105,,,3.965842932,3.965842932,2.024479738,2.024479738,2.533011769,2.533011769
2.426245106,2.426245106,,,4.278084574,4.278084574,2.024479738,2.024479738,2.533011769,2.533011769
2.464650275,2.464650275,,,4.282068592,4.282068592,2.024479738,2.024479738,2.533011769,2.533011769
2.49292374,2.49292374,,,,,2.024479738,2.024479738,2.533011769,2.533011769
2.493524797,2.493524797,,,,,2.046821343,2.046821343,2.533011769,2.533011769
2.493524797,2.493524797,,,,,2.046821343,2.046821343,2.533756982,2.533756982
2.493524797,2.493524797,,,,,2.046821343,2.046821343,2.537191856,2.537191856
2.493524797,2.493524797,,,,,2.046821343,2.046821343,2.537191856,2.537191856
2.493524797,2.493524797,,,,,2.046821343,2.046821343,2.537191856,2.537191856
2.519108638,2.519108638,,,,,2.046821343,2.046821343,2.537191856,2.537191856
2.519108638,2.519108638,,,,,2.046821343,2.046821343,2.595254831,2.595254831
2.519108638,2.519108638,,,,,2.046821343,2.046821343,2.618344525,2.618344525
2.519108638,2.519108638,,,,,2.046821343,2.046821343,2.618344525,2.618344525
2.554578391,2.554578391,,,,,2.046821343,2.046821343,2.618344525,2.618344525
2.583264355,2.583264355,,,,,2.046821343,2.046821343,2.618344525,2.618344525
2.590051721,2.590051721,,,,,2.046821343,2.046821343,2.618344525,2.618344525
2.595254831,2.595254831,,,,,2.046821343,2.046821343,2.618344525,2.618344525
2.595254831,2.595254831,,,,,2.046821343,2.046821343,2.618344525,2.618344525
2.595254831,2.595254831,,,,,2.046821343,2.046821343,2.618344525,2.618344525
2.595254831,2.595254831,,,,,2.046821343,2.046821343,2.622658744,2.622658744
2.595254831,2.595254831,,,,,2.046821343,2.046821343,2.62744161,2.62744161
2.651234063,2.651234063,,,,,2.060010637,2.060010637,2.655636658,2.655636658
2.926466126,2.926466126,,,,,2.060010637,2.060010637,2.655636658,2.655636658
3.119406139,3.119406139,,,,,2.060010637,2.060010637,2.655636658,2.655636658
3.157978017,3.157978017,,,,,2.060010637,2.060010637,2.667716471,2.667716471
3.199520292,3.199520292,,,,,2.060010637,2.060010637,2.667716471,2.667716471
3.29828734,3.29828734,,,,,2.060010637,2.060010637,2.740384895,2.740384895
3.349908401,3.349908401,,,,,2.060010637,2.060010637,2.740384895,2.740384895
3.349908401,3.349908401,,,,,2.060010637,2.060010637,2.77840284,2.77840284
3.349908401,3.349908401,,,,,2.069491175,2.069491175,2.77840284,2.77840284
3.423011834,3.423011834,,,,,2.107152878,2.107152878,2.77840284,2.77840284
3.423011834,3.423011834,,,,,2.107152878,2.107152878,2.83785796,2.83785796
3.424678756,3.424678756,,,,,2.107152878,2.107152878,2.83785796,2.83785796
3.424678756,3.424678756,,,,,2.10956717,2.10956717,2.83785796,2.83785796
3.424678756,3.424678756,,,,,2.10956717,2.10956717,2.83785796,2.83785796
3.44095256,3.44095256,,,,,2.10956717,2.10956717,2.86142518,2.86142518
3.532262069,3.532262069,,,,,2.10956717,2.10956717,2.878573542,2.878573542
3.554962851,3.554962851,,,,,2.10956717,2.10956717,2.878573542,2.878573542
3.557511335,3.557511335,,,,,2.10956717,2.10956717,2.878573542,2.878573542
3.557511335,3.557511335,,,,,2.130269732,2.130269732,2.878573542,2.878573542
3.557511335,3.557511335,,,,,2.130269732,2.130269732,2.878573542,2.878573542
3.607539685,3.607539685,,,,,2.132832666,2.132832666,2.878573542,2.878573542
3.607539685,3.607539685,,,,,2.132832666,2.132832666,2.878573542,2.878573542
3.607539685,3.607539685,,,,,2.132832666,2.132832666,2.892054184,2.892054184
3.712255389,3.712255389,,,,,2.132832666,2.132832666,2.892054184,2.892054184
3.796900606,3.796900606,,,,,2.132832666,2.132832666,2.926466126,2.926466126
3.93485184,3.93485184,,,,,2.132832666,2.132832666,2.926466126,2.926466126
4.278076363,4.278076363,,,,,2.132832666,2.132832666,2.926466126,2.926466126
4.27853579,4.27853579,,,,,2.132832666,2.132832666,2.926466126,2.926466126
,,,,,,2.132832666,2.132832666,2.926466126,2.926466126
,,,,,,2.132832666,2.132832666,2.926466126,2.926466126
,,,,,,2.132832666,2.132832666,2.926466126,2.926466126
,,,,,,2.132832666,2.132832666,2.926466126,2.926466126
,,,,,,2.132832666,2.132832666,2.926466126,2.926466126
,,,,,,2.132832666,2.132832666,2.929628632,2.929628632
,,,,,,2.132832666,2.132832666,2.929628632,2.929628632
,,,,,,2.132832666,2.132832666,2.964581658,2.964581658
,,,,,,2.132832666,2.132832666,2.964581658,2.964581658
,,,,,,2.139628026,2.139628026,2.964581658,2.964581658
,,,,,,2.139628026,2.139628026,2.964581658,2.964581658
,,,,,,2.166664368,2.166664368,2.964581658,2.964581658
,,,,,,2.168612253,2.168612253,3.038426823,3.038426823
,,,,,,2.168612253,2.168612253,3.038426823,3.038426823
,,,,,,2.168612253,2.168612253,3.038426823,3.038426823
,,,,,,2.176274001,2.176274001,3.056959223,3.056959223
,,,,,,2.176274001,2.176274001,3.085886073,3.085886073
,,,,,,2.176274001,2.176274001,3.125966915,3.125966915
,,,,,,2.177359615,2.177359615,3.125966915,3.125966915
,,,,,,2.183074347,2.183074347,3.125966915,3.125966915
,,,,,,2.183074347,2.183074347,3.125966915,3.125966915
,,,,,,2.183074347,2.183074347,3.128899667,3.128899667
,,,,,,2.183074347,2.183074347,3.131849432,3.131849432
,,,,,,2.183074347,2.183074347,3.131849432,3.131849432
,,,,,,2.183074347,2.183074347,3.131849432,3.131849432
,,,,,,2.183074347,2.183074347,3.16860434,3.16860434
,,,,,,2.183074347,2.183074347,3.170287538,3.170287538
,,,,,,2.183074347,2.183074347,3.181661525,3.181661525
,,,,,,2.183074347,2.183074347,3.181661525,3.181661525
,,,,,,2.183074347,2.183074347,3.181661525,3.181661525
,,,,,,2.18664417,2.18664417,3.181661525,3.181661525
,,,,,,2.189200406,2.189200406,3.181661525,3.181661525
,,,,,,2.189200406,2.189200406,3.181661525,3.181661525
,,,,,,2.189200406,2.189200406,3.181661525,3.181661525
,,,,,,2.189200406,2.189200406,3.181661525,3.181661525
,,,,,,2.189200406,2.189200406,3.181661525,3.181661525
,,,,,,2.189200406,2.189200406,3.201281908,3.201281908
,,,,,,2.189200406,2.189200406,3.205369732,3.205369732
,,,,,,2.189200406,2.189200406,3.205369732,3.205369732
,,,,,,2.189200406,2.189200406,3.205388606,3.205388606
,,,,,,2.189200406,2.189200406,3.205388606,3.205388606
,,,,,,2.189200406,2.189200406,3.216264183,3.216264183
,,,,,,2.189200406,2.189200406,3.216264183,3.216264183
,,,,,,2.189200406,2.189200406,3.217123545,3.217123545
,,,,,,2.189200406,2.189200406,3.217123545,3.217123545
,,,,,,2.189200406,2.189200406,3.217123545,3.217123545
,,,,,,2.189200406,2.189200406,3.247300081,3.247300081
,,,,,,2.189200406,2.189200406,3.247300081,3.247300081
,,,,,,2.189200406,2.189200406,3.247300081,3.247300081
,,,,,,2.189200406,2.189200406,3.247300081,3.247300081
,,,,,,2.189200406,2.189200406,3.247300081,3.247300081
,,,,,,2.189200406,2.189200406,3.247300081,3.247300081
,,,,,,2.189200406,2.189200406,3.247300081,3.247300081
,,,,,,2.189200406,2.189200406,3.247300081,3.247300081
,,,,,,2.189200406,2.189200406,3.274598933,3.274598933
,,,,,,2.189200406,2.189200406,3.282448313,3.282448313
,,,,,,2.189200406,2.189200406,3.282448313,3.282448313
,,,,,,2.189200406,2.189200406,3.282448313,3.282448313
,,,,,,2.189200406,2.189200406,3.306022472,3.306022472
,,,,,,2.189200406,2.189200406,3.310451105,3.310451105
,,,,,,2.189200406,2.189200406,3.310451105,3.310451105
,,,,,,2.189200406,2.189200406,3.310451105,3.310451105
,,,,,,2.189200406,2.189200406,3.310451105,3.310451105
,,,,,,2.189200406,2.189200406,3.310451105,3.310451105
,,,,,,2.189200406,2.189200406,3.310451105,3.310451105
,,,,,,2.189200406,2.189200406,3.319044623,3.319044623
,,,,,,2.189200406,2.189200406,3.332168133,3.332168133
,,,,,,2.189200406,2.189200406,3.332168133,3.332168133
,,,,,,2.189200406,2.189200406,3.341414419,3.341414419
,,,,,,2.189200406,2.189200406,3.341414419,3.341414419
,,,,,,2.189200406,2.189200406,3.342156375,3.342156375
,,,,,,2.189200406,2.189200406,3.342156375,3.342156375
,,,,,,2.189200406,2.189200406,3.342156375,3.342156375
,,,,,,2.19906262,2.19906262,3.358972277,3.358972277
,,,,,,2.19906262,2.19906262,3.364087016,3.364087016
,,,,,,2.201341794,2.201341794,3.377038127,3.377038127
,,,,,,2.201341794,2.201341794,3.377038127,3.377038127
,,,,,,2.201341794,2.201341794,3.377038127,3.377038127
,,,,,,2.203377301,2.203377301,3.390247175,3.390247175
,,,,,,2.203377301,2.203377301,3.390247175,3.390247175
,,,,,,2.203377301,2.203377301,3.401197278,3.401197278
,,,,,,2.203377301,2.203377301,3.401197278,3.401197278
,,,,,,2.20538326,2.20538326,3.401197278,3.401197278
,,,,,,2.20538326,2.20538326,3.401197278,3.401197278
,,,,,,2.20538326,2.20538326,3.401197278,3.401197278
,,,,,,2.20538326,2.20538326,3.401197278,3.401197278
,,,,,,2.20538326,2.20538326,3.401197278,3.401197278
,,,,,,2.20538326,2.20538326,3.402511228,3.402511228
,,,,,,2.20560969,2.20560969,3.402511228,3.402511228
,,,,,,2.20560969,2.20560969,3.402511228,3.402511228
,,,,,,2.210138924,2.210138924,3.402511228,3.402511228
,,,,,,2.210138924,2.210138924,3.405483265,3.405483265
,,,,,,2.219231639,2.219231639,3.405483265,3.405483265
,,,,,,2.219231639,2.219231639,3.405483265,3.405483265
,,,,,,2.219231639,2.219231639,3.409696024,3.409696024
,,,,,,2.221411587,2.221411587,3.420518566,3.420518566
,,,,,,2.221411587,2.221411587,3.420518566,3.420518566
,,,,,,2.221411587,2.221411587,3.423011834,3.423011834
,,,,,,2.221700044,2.221700044,3.423011834,3.423011834
,,,,,,2.221700044,2.221700044,3.423011834,3.423011834
,,,,,,2.221700044,2.221700044,3.44095256,3.44095256
,,,,,,2.221700044,2.221700044,3.445268506,3.445268506
,,,,,,2.221700044,2.221700044,3.445268506,3.445268506
,,,,,,2.221700044,2.221700044,3.445268506,3.445268506
,,,,,,2.224258922,2.224258922,3.445268506,3.445268506
,,,,,,2.224258922,2.224258922,3.445268506,3.445268506
,,,,,,2.225726755,2.225726755,3.445268506,3.445268506
,,,,,,2.225737792,2.225737792,3.445268506,3.445268506
,,,,,,2.225737792,2.225737792,3.445268506,3.445268506
,,,,,,2.225737792,2.225737792,3.462201323,3.462201323
,,,,,,2.225737792,2.225737792,3.464966108,3.464966108
,,,,,,2.225737792,2.225737792,3.464966108,3.464966108
,,,,,,2.225737792,2.225737792,3.468341579,3.468341579
,,,,,,2.225737792,2.225737792,3.468341579,3.468341579
,,,,,,2.225737792,2.225737792,3.468341579,3.468341579
,,,,,,2.225737792,2.225737792,3.468341579,3.468341579
,,,,,,2.225737792,2.225737792,3.468341579,3.468341579
,,,,,,2.225737792,2.225737792,3.468341579,3.468341579
,,,,,,2.225737792,2.225737792,3.468341579,3.468341579
,,,,,,2.228687394,2.228687394,3.468341579,3.468341579
,,,,,,2.228687394,2.228687394,3.468341579,3.468341579
,,,,,,2.230139702,2.230139702,3.468341579,3.468341579
,,,,,,2.230139702,2.230139702,3.470841179,3.470841179
,,,,,,2.230139702,2.230139702,3.470841179,3.470841179
,,,,,,2.230139702,2.230139702,3.470841179,3.470841179
,,,,,,2.234459571,2.234459571,3.470841179,3.470841179
,,,,,,2.234459571,2.234459571,3.470841179,3.470841179
,,,,,,2.234459571,2.234459571,3.470841179,3.470841179
,,,,,,2.235423809,2.235423809,3.470841179,3.470841179
,,,,,,2.235423809,2.235423809,3.470841179,3.470841179
,,,,,,2.235423809,2.235423809,3.474577636,3.474577636
,,,,,,2.235423809,2.235423809,3.483915387,3.483915387
,,,,,,2.235423809,2.235423809,3.483915387,3.483915387
,,,,,,2.235423809,2.235423809,3.485551794,3.485551794
,,,,,,2.235423809,2.235423809,3.490054654,3.490054654
,,,,,,2.235423809,2.235423809,3.490054654,3.490054654
,,,,,,2.235423809,2.235423809,3.493437875,3.493437875
,,,,,,2.235423809,2.235423809,3.493437875,3.493437875
,,,,,,2.235423809,2.235423809,3.493437875,3.493437875
,,,,,,2.235423809,2.235423809,3.493437875,3.493437875
,,,,,,2.235423809,2.235423809,3.493437875,3.493437875
,,,,,,2.235423809,2.235423809,3.493437875,3.493437875
,,,,,,2.235423809,2.235423809,3.493437875,3.493437875
,,,,,,2.235423809,2.235423809,3.493437875,3.493437875
,,,,,,2.235423809,2.235423809,3.493437875,3.493437875
,,,,,,2.235423809,2.235423809,3.50703514,3.50703514
,,,,,,2.235423809,2.235423809,3.50703514,3.50703514
,,,,,,2.235423809,2.235423809,3.50703514,3.50703514
,,,,,,2.235678904,2.235678904,3.50703514,3.50703514
,,,,,,2.235678904,2.235678904,3.50703514,3.50703514
,,,,,,2.24040555,2.24040555,3.50703514,3.50703514
,,,,,,2.24040555,2.24040555,3.50703514,3.50703514
,,,,,,2.24040555,2.24040555,3.50703514,3.50703514
,,,,,,2.24040555,2.24040555,3.50703514,3.50703514
,,,,,,2.24040555,2.24040555,3.516629904,3.516629904
,,,,,,2.240564065,2.240564065,3.516629904,3.516629904
,,,,,,2.247632959,2.247632959,3.516629904,3.516629904
,,,,,,2.247632959,2.247632959,3.524848184,3.524848184
,,,,,,2.251277758,2.251277758,3.524848184,3.524848184
,,,,,,2.262360086,2.262360086,3.524848184,3.524848184
,,,,,,2.262360086,2.262360086,3.524848184,3.524848184
,,,,,,2.264739472,2.264739472,3.524848184,3.524848184
,,,,,,2.271484606,2.271484606,3.524848184,3.524848184
,,,,,,2.271484606,2.271484606,3.524848184,3.524848184
,,,,,,2.271484606,2.271484606,3.527410996,3.527410996
,,,,,,2.288852628,2.288852628,3.527410996,3.527410996
,,,,,,2.288852628,2.288852628,3.527410996,3.527410996
,,,,,,2.288852628,2.288852628,3.527410996,3.527410996
,,,,,,2.288852628,2.288852628,3.527410996,3.527410996
,,,,,,2.288852628,2.288852628,3.527410996,3.527410996
,,,,,,2.289765214,2.289765214,3.527410996,3.527410996
,,,,,,2.300804345,2.300804345,3.527410996,3.527410996
,,,,,,2.300804345,2.300804345,3.530002474,3.530002474
,,,,,,2.300804345,2.300804345,3.530002474,3.530002474
,,,,,,2.300804345,2.300804345,3.530002474,3.530002474
,,,,,,2.326419568,2.326419568,3.530002474,3.530002474
,,,,,,2.326419568,2.326419568,3.557511335,3.557511335
,,,,,,2.326419568,2.326419568,3.557511335,3.557511335
,,,,,,2.326419568,2.326419568,3.557511335,3.557511335
,,,,,,2.326419568,2.326419568,3.570482897,3.570482897
,,,,,,2.326419568,2.326419568,3.580319858,3.580319858
,,,,,,2.326419568,2.326419568,3.580319858,3.580319858
,,,,,,2.326419568,2.326419568,3.580319858,3.580319858
,,,,,,2.370692867,2.370692867,3.580319858,3.580319858
,,,,,,2.370692867,2.370692867,3.580319858,3.580319858
,,,,,,2.370692867,2.370692867,3.580319858,3.580319858
,,,,,,2.370692867,2.370692867,3.580319858,3.580319858
,,,,,,2.370692867,2.370692867,3.580319858,3.580319858
,,,,,,2.370692867,2.370692867,3.580319858,3.580319858
,,,,,,2.370692867,2.370692867,3.580319858,3.580319858
,,,,,,2.370692867,2.370692867,3.580319858,3.580319858
,,,,,,2.370692867,2.370692867,3.580319858,3.580319858
,,,,,,2.370692867,2.370692867,3.580319858,3.580319858
,,,,,,2.396566327,2.396566327,3.580319858,3.580319858
,,,,,,2.396566327,2.396566327,3.580319858,3.580319858
,,,,,,2.396566327,2.396566327,3.596151566,3.596151566
,,,,,,2.406430715,2.406430715,3.596151566,3.596151566
,,,,,,2.406430715,2.406430715,3.596151566,3.596151566
,,,,,,2.406430715,2.406430715,3.596151566,3.596151566
,,,,,,2.406430715,2.406430715,3.596151566,3.596151566
,,,,,,2.406430715,2.406430715,3.600413182,3.600413182
,,,,,,2.406430715,2.406430715,3.610243999,3.610243999
,,,,,,2.406430715,2.406430715,3.610243999,3.610243999
,,,,,,2.406430715,2.406430715,3.610243999,3.610243999
,,,,,,2.406430715,2.406430715,3.610243999,3.610243999
,,,,,,2.406430715,2.406430715,3.610243999,3.610243999
,,,,,,2.406430715,2.406430715,3.610243999,3.610243999
,,,,,,2.413051887,2.413051887,3.610243999,3.610243999
,,,,,,2.413051887,2.413051887,3.610243999,3.610243999
,,,,,,2.413051887,2.413051887,3.610243999,3.610243999
,,,,,,2.413051887,2.413051887,3.610243999,3.610243999
,,,,,,2.413051887,2.413051887,3.610243999,3.610243999
,,,,,,2.413051887,2.413051887,3.615289305,3.615289305
,,,,,,2.413051887,2.413051887,3.615289305,3.615289305
,,,,,,2.413051887,2.413051887,3.655143939,3.655143939
,,,,,,2.413051887,2.413051887,3.655143939,3.655143939
,,,,,,2.413051887,2.413051887,3.655143939,3.655143939
,,,,,,2.413051887,2.413051887,3.655143939,3.655143939
,,,,,,2.413051887,2.413051887,3.655143939,3.655143939
,,,,,,2.415906072,2.415906072,3.655143939,3.655143939
,,,,,,2.435070212,2.435070212,3.655143939,3.655143939
,,,,,,2.446792009,2.446792009,3.655143939,3.655143939
,,,,,,2.446792009,2.446792009,3.655143939,3.655143939
,,,,,,2.446792009,2.446792009,3.655143939,3.655143939
,,,,,,2.446792009,2.446792009,3.655143939,3.655143939
,,,,,,2.446792009,2.446792009,3.655143939,3.655143939
,,,,,,2.446792009,2.446792009,3.655143939,3.655143939
,,,,,,2.446792009,2.446792009,3.655143939,3.655143939
,,,,,,2.446792009,2.446792009,3.655143939,3.655143939
,,,,,,2.446792009,2.446792009,3.655143939,3.655143939
,,,,,,2.446792009,2.446792009,3.655143939,3.655143939
,,,,,,2.446792009,2.446792009,3.655143939,3.655143939
,,,,,,2.463482964,2.463482964,3.655143939,3.655143939
,,,,,,2.464650275,2.464650275,3.655143939,3.655143939
,,,,,,2.464650275,2.464650275,3.655143939,3.655143939
,,,,,,2.469525577,2.469525577,3.655143939,3.655143939
,,,,,,2.469525577,2.469525577,3.702069716,3.702069716
,,,,,,2.469525577,2.469525577,3.702069716,3.702069716
,,,,,,2.483688381,2.483688381,3.713865842,3.713865842
,,,,,,2.483688381,2.483688381,3.721488315,3.721488315
,,,,,,2.483688381,2.483688381,3.724748606,3.724748606
,,,,,,2.483688381,2.483688381,3.724748606,3.724748606
,,,,,,2.484660307,2.484660307,3.724748606,3.724748606
,,,,,,2.484660307,2.484660307,3.724748606,3.724748606
,,,,,,2.486828346,2.486828346,3.724748606,3.724748606
,,,,,,2.486828346,2.486828346,3.724748606,3.724748606
,,,,,,2.486828346,2.486828346,3.724748606,3.724748606
,,,,,,2.486828346,2.486828346,3.724748606,3.724748606
,,,,,,2.486828346,2.486828346,3.724748606,3.724748606
,,,,,,2.486828346,2.486828346,3.724748606,3.724748606
,,,,,,2.486828346,2.486828346,3.768813755,3.768813755
,,,,,,2.486828346,2.486828346,3.768813755,3.768813755
,,,,,,2.486828346,2.486828346,3.796740807,3.796740807
,,,,,,2.486828346,2.486828346,3.796740807,3.796740807
,,,,,,2.486828346,2.486828346,3.796740807,3.796740807
,,,,,,2.486828346,2.486828346,3.796740807,3.796740807
,,,,,,2.486828346,2.486828346,3.796900606,3.796900606
,,,,,,2.486828346,2.486828346,3.806069286,3.806069286
,,,,,,2.493524797,2.493524797,3.810647145,3.810647145
,,,,,,2.493524797,2.493524797,3.810647145,3.810647145
,,,,,,2.493524797,2.493524797,3.815225088,3.815225088
,,,,,,2.493524797,2.493524797,3.815225088,3.815225088
,,,,,,2.519108638,2.519108638,3.815225088,3.815225088
,,,,,,2.55904716,2.55904716,3.815225088,3.815225088
,,,,,,2.55904716,2.55904716,3.815225088,3.815225088
,,,,,,2.570598755,2.570598755,3.815225088,3.815225088
,,,,,,2.570598755,2.570598755,3.815225088,3.815225088
,,,,,,2.573380523,2.573380523,3.815225088,3.815225088
,,,,,,2.573380523,2.573380523,3.815225088,3.815225088
,,,,,,2.573380523,2.573380523,3.825300055,3.825300055
,,,,,,2.573380523,2.573380523,3.825300055,3.825300055
,,,,,,2.573380523,2.573380523,3.825300055,3.825300055
,,,,,,2.573380523,2.573380523,3.825300055,3.825300055
,,,,,,2.573380523,2.573380523,3.825300055,3.825300055
,,,,,,2.573380523,2.573380523,3.825300055,3.825300055
,,,,,,2.573380523,2.573380523,3.832192382,3.832192382
,,,,,,2.573380523,2.573380523,3.832192382,3.832192382
,,,,,,2.583264355,2.583264355,3.8384925,3.8384925
,,,,,,2.583264355,2.583264355,3.845136472,3.845136472
,,,,,,2.583264355,2.583264355,3.845136472,3.845136472
,,,,,,2.583264355,2.583264355,3.847269459,3.847269459
,,,,,,2.595254831,2.595254831,3.863753147,3.863753147
,,,,,,2.60078263,2.60078263,3.863753147,3.863753147
,,,,,,2.622658744,2.622658744,3.863753147,3.863753147
,,,,,,2.622658744,2.622658744,3.868875381,3.868875381
,,,,,,2.62744161,2.62744161,3.887992191,3.887992191
,,,,,,2.62744161,2.62744161,3.887992191,3.887992191
,,,,,,2.631893724,2.631893724,3.934574117,3.934574117
,,,,,,2.631893724,2.631893724,3.934574117,3.934574117
,,,,,,2.631893724,2.631893724,3.934574117,3.934574117
,,,,,,2.631893724,2.631893724,3.934574117,3.934574117
,,,,,,2.631893724,2.631893724,3.934574117,3.934574117
,,,,,,2.631893724,2.631893724,3.93485184,3.93485184
,,,,,,2.631893724,2.631893724,3.93485184,3.93485184
,,,,,,2.631893724,2.631893724,3.942627292,3.942627292
,,,,,,2.631893724,2.631893724,3.942627292,3.942627292
,,,,,,2.633659761,2.633659761,3.942627292,3.942627292
,,,,,,2.633659761,2.633659761,3.965842932,3.965842932
,,,,,,2.633659761,2.633659761,3.977422009,3.977422009
,,,,,,2.633659761,2.633659761,3.977422009,3.977422009
,,,,,,2.633659761,2.633659761,3.977422009,3.977422009
,,,,,,2.633659761,2.633659761,3.99467095,3.99467095
,,,,,,2.633659761,2.633659761,3.99467095,3.99467095
,,,,,,2.633659761,2.633659761,3.997950904,3.997950904
,,,,,,2.633659761,2.633659761,3.997950904,3.997950904
,,,,,,2.655636658,2.655636658,4.003394055,4.003394055
,,,,,,2.655636658,2.655636658,4.003394055,4.003394055
,,,,,,2.661877518,2.661877518,4.003394055,4.003394055
,,,,,,2.661877518,2.661877518,4.003394055,4.003394055
,,,,,,2.661877518,2.661877518,4.003394055,4.003394055
,,,,,,2.661877518,2.661877518,4.003394055,4.003394055
,,,,,,2.661877518,2.661877518,4.003394055,4.003394055
,,,,,,2.696447296,2.696447296,4.003394055,4.003394055
,,,,,,2.696447296,2.696447296,4.003394055,4.003394055
,,,,,,2.696447296,2.696447296,4.003394055,4.003394055
,,,,,,2.696447296,2.696447296,4.127841476,4.127841476
,,,,,,2.696447296,2.696447296,4.198104019,4.198104019
,,,,,,2.69793327,2.69793327,4.272343734,4.272343734
,,,,,,2.707588816,2.707588816,4.273170979,4.273170979
,,,,,,2.707588816,2.707588816,4.273170979,4.273170979
,,,,,,2.723195708,2.723195708,4.274148066,4.274148066
,,,,,,2.723195708,2.723195708,4.274148066,4.274148066
,,,,,,2.723195708,2.723195708,4.274458798,4.274458798
,,,,,,2.740384895,2.740384895,4.277034538,4.277034538
,,,,,,2.740384895,2.740384895,4.277993951,4.277993951
,,,,,,2.740384895,2.740384895,4.278239121,4.278239121
,,,,,,2.77840284,2.77840284,4.278269107,4.278269107
,,,,,,2.798020207,2.798020207,4.278678096,4.278678096
,,,,,,2.823586399,2.823586399,4.278678096,4.278678096
,,,,,,2.869834944,2.869834944,4.278735627,4.278735627
,,,,,,2.892054184,2.892054184,4.278756779,4.278756779
,,,,,,2.892054184,2.892054184,4.27930564,4.27930564
,,,,,,2.892054184,2.892054184,4.279336526,4.279336526
,,,,,,2.892054184,2.892054184,4.28027411,4.28027411
,,,,,,2.892054184,2.892054184,,
,,,,,,2.892054184,2.892054184,,
,,,,,,2.892054184,2.892054184,,
,,,,,,2.892054184,2.892054184,,
,,,,,,2.892054184,2.892054184,,
,,,,,,2.892054184,2.892054184,,
,,,,,,2.892054184,2.892054184,,
,,,,,,2.892054184,2.892054184,,
,,,,,,2.892054184,2.892054184,,
,,,,,,2.892054184,2.892054184,,
,,,,,,2.892054184,2.892054184,,
,,,,,,2.892054184,2.892054184,,
,,,,,,2.892054184,2.892054184,,
,,,,,,2.892054184,2.892054184,,
,,,,,,2.892054184,2.892054184,,
,,,,,,2.902782807,2.902782807,,
,,,,,,2.902782807,2.902782807,,
,,,,,,2.902782807,2.902782807,,
,,,,,,2.902782807,2.902782807,,
,,,,,,2.902782807,2.902782807,,
,,,,,,2.926466126,2.926466126,,
,,,,,,2.926466126,2.926466126,,
,,,,,,2.929628632,2.929628632,,
,,,,,,2.929628632,2.929628632,,
,,,,,,2.964581658,2.964581658,,
,,,,,,2.964581658,2.964581658,,
,,,,,,2.968917492,2.968917492,,
,,,,,,3.043476869,3.043476869,,
,,,,,,3.046571588,3.046571588,,
,,,,,,3.077117055,3.077117055,,
,,,,,,3.077117055,3.077117055,,
,,,,,,3.077117055,3.077117055,,
,,,,,,3.084220935,3.084220935,,
,,,,,,3.125966915,3.125966915,,
,,,,,,3.128899667,3.128899667,,
,,,,,,3.128899667,3.128899667,,
,,,,,,3.131849432,3.131849432,,
,,,,,,3.131849432,3.131849432,,
,,,,,,3.131849432,3.131849432,,
,,,,,,3.131849432,3.131849432,,
,,,,,,3.131849432,3.131849432,,
,,,,,,3.164614994,3.164614994,,
,,,,,,3.174518782,3.174518782,,
,,,,,,3.181661525,3.181661525,,
,,,,,,3.201281908,3.201281908,,
,,,,,,3.216264183,3.216264183,,
,,,,,,3.216264183,3.216264183,,
,,,,,,3.216264183,3.216264183,,
,,,,,,3.216264183,3.216264183,,
,,,,,,3.217123545,3.217123545,,
,,,,,,3.217123545,3.217123545,,
,,,,,,3.217123545,3.217123545,,
,,,,,,3.217123545,3.217123545,,
,,,,,,3.247300081,3.247300081,,
,,,,,,3.247300081,3.247300081,,
,,,,,,3.247300081,3.247300081,,
,,,,,,3.306022472,3.306022472,,
,,,,,,3.306022472,3.306022472,,
,,,,,,3.306022472,3.306022472,,
,,,,,,3.306022472,3.306022472,,
,,,,,,3.306022472,3.306022472,,
,,,,,,3.342156375,3.342156375,,
,,,,,,3.361334066,3.361334066,,
,,,,,,3.361334066,3.361334066,,
,,,,,,3.377038127,3.377038127,,
,,,,,,3.377038127,3.377038127,,
,,,,,,3.377038127,3.377038127,,
,,,,,,3.377038127,3.377038127,,
,,,,,,3.377914936,3.377914936,,
,,,,,,3.38109756,3.38109756,,
,,,,,,3.390247175,3.390247175,,
,,,,,,3.390247175,3.390247175,,
,,,,,,3.390247175,3.390247175,,
,,,,,,3.390247175,3.390247175,,
,,,,,,3.423011834,3.423011834,,
,,,,,,3.423011834,3.423011834,,
,,,,,,3.423011834,3.423011834,,
,,,,,,3.423011834,3.423011834,,
,,,,,,3.423011834,3.423011834,,
,,,,,,3.423011834,3.423011834,,
,,,,,,3.423011834,3.423011834,,
,,,,,,3.423011834,3.423011834,,
,,,,,,3.423011834,3.423011834,,
,,,,,,3.423011834,3.423011834,,
,,,,,,3.424678756,3.424678756,,
,,,,,,3.424678756,3.424678756,,
,,,,,,3.424678756,3.424678756,,
,,,,,,3.424678756,3.424678756,,
,,,,,,3.424678756,3.424678756,,
,,,,,,3.424678756,3.424678756,,
,,,,,,3.424678756,3.424678756,,
,,,,,,3.424678756,3.424678756,,
,,,,,,3.424678756,3.424678756,,
,,,,,,3.424678756,3.424678756,,
,,,,,,3.437990456,3.437990456,,
,,,,,,3.437990456,3.437990456,,
,,,,,,3.437990456,3.437990456,,
,,,,,,3.44095256,3.44095256,,
,,,,,,3.462201323,3.462201323,,
,,,,,,3.468341579,3.468341579,,
,,,,,,3.468341579,3.468341579,,
,,,,,,3.468341579,3.468341579,,
,,,,,,3.468341579,3.468341579,,
,,,,,,3.468341579,3.468341579,,
,,,,,,3.468341579,3.468341579,,
,,,,,,3.468341579,3.468341579,,
,,,,,,3.483915387,3.483915387,,
,,,,,,3.483915387,3.483915387,,
,,,,,,3.485482256,3.485482256,,
,,,,,,3.485482256,3.485482256,,
,,,,,,3.485482256,3.485482256,,
,,,,,,3.485482256,3.485482256,,
,,,,,,3.485482256,3.485482256,,
,,,,,,3.485482256,3.485482256,,
,,,,,,3.485482256,3.485482256,,
,,,,,,3.493437875,3.493437875,,
,,,,,,3.500273858,3.500273858,,
,,,,,,3.50703514,3.50703514,,
,,,,,,3.50703514,3.50703514,,
,,,,,,3.508348955,3.508348955,,
,,,,,,3.508348955,3.508348955,,
,,,,,,3.516629904,3.516629904,,
,,,,,,3.516629904,3.516629904,,
,,,,,,3.516629904,3.516629904,,
,,,,,,3.524848184,3.524848184,,
,,,,,,3.524848184,3.524848184,,
,,,,,,3.524848184,3.524848184,,
,,,,,,3.524848184,3.524848184,,
,,,,,,3.530002474,3.530002474,,
,,,,,,3.530002474,3.530002474,,
,,,,,,3.530002474,3.530002474,,
,,,,,,3.530002474,3.530002474,,
,,,,,,3.530002474,3.530002474,,
,,,,,,3.532262069,3.532262069,,
,,,,,,3.547266637,3.547266637,,
,,,,,,3.547266637,3.547266637,,
,,,,,,3.547266637,3.547266637,,
,,,,,,3.557511335,3.557511335,,
,,,,,,3.557511335,3.557511335,,
,,,,,,3.557511335,3.557511335,,
,,,,,,3.557511335,3.557511335,,
,,,,,,3.562006571,3.562006571,,
,,,,,,3.562006571,3.562006571,,
,,,,,,3.564836645,3.564836645,,
,,,,,,3.564836645,3.564836645,,
,,,,,,3.564836645,3.564836645,,
,,,,,,3.564836645,3.564836645,,
,,,,,,3.564836645,3.564836645,,
,,,,,,3.564836645,3.564836645,,
,,,,,,3.564836645,3.564836645,,
,,,,,,3.564836645,3.564836645,,
,,,,,,3.570482897,3.570482897,,
,,,,,,3.570482897,3.570482897,,
,,,,,,3.580319858,3.580319858,,
,,,,,,3.580319858,3.580319858,,
,,,,,,3.580319858,3.580319858,,
,,,,,,3.580319858,3.580319858,,
,,,,,,3.580319858,3.580319858,,
,,,,,,3.580319858,3.580319858,,
,,,,,,3.580319858,3.580319858,,
,,,,,,3.580319858,3.580319858,,
,,,,,,3.600413182,3.600413182,,
,,,,,,3.600413182,3.600413182,,
,,,,,,3.600413182,3.600413182,,
,,,,,,3.600413182,3.600413182,,
,,,,,,3.600413182,3.600413182,,
,,,,,,3.610243999,3.610243999,,
,,,,,,3.610243999,3.610243999,,
,,,,,,3.610243999,3.610243999,,
,,,,,,3.610243999,3.610243999,,
,,,,,,3.610243999,3.610243999,,
,,,,,,3.610243999,3.610243999,,
,,,,,,3.610243999,3.610243999,,
,,,,,,3.610243999,3.610243999,,
,,,,,,3.638929364,3.638929364,,
,,,,,,3.721488315,3.721488315,,
,,,,,,3.765239857,3.765239857,,
,,,,,,3.765239857,3.765239857,,
,,,,,,3.797047342,3.797047342,,
,,,,,,3.815225088,3.815225088,,
,,,,,,3.815225088,3.815225088,,
,,,,,,3.815225088,3.815225088,,
,,,,,,3.815225088,3.815225088,,
,,,,,,3.825300055,3.825300055,,
,,,,,,3.828805669,3.828805669,,
,,,,,,3.8384925,3.8384925,,
,,,,,,3.8384925,3.8384925,,
,,,,,,3.8384925,3.8384925,,
,,,,,,3.8384925,3.8384925,,
,,,,,,3.845136472,3.845136472,,
,,,,,,3.845136472,3.845136472,,
,,,,,,3.863753147,3.863753147,,
,,,,,,3.934574117,3.934574117,,
,,,,,,3.93485184,3.93485184,,
,,,,,,3.93485184,3.93485184,,
,,,,,,3.93485184,3.93485184,,
,,,,,,3.93485184,3.93485184,,
,,,,,,3.93485184,3.93485184,,
,,,,,,3.942627292,3.942627292,,
,,,,,,3.942627292,3.942627292,,
,,,,,,3.942627292,3.942627292,,
,,,,,,3.942627292,3.942627292,,
,,,,,,3.965842932,3.965842932,,
,,,,,,3.965842932,3.965842932,,
,,,,,,3.965842932,3.965842932,,
,,,,,,4.003394055,4.003394055,,
,,,,,,4.27853579,4.27853579,,
,,,,,,4.279042384,4.279042384,,
,,,,,,4.279058303,4.279058303,,
